OFFER_ID,AREA_IN_M2,PRICE,DATE,DISTRICT
783573846,56.7,2000.0,2022-10-20,łazarz
699182179,32.0,1900.0,2022-10-20,naramowice
789725155,40.0,2000.0,2022-10-20,górczyn
785001616,50.0,2600.0,2022-10-20,rataje
772378679,32.0,1800.0,2022-10-20,naramowice
787778646,130.0,4500.0,2022-10-20,stare miasto
780811960,64.0,2500.0,2022-10-20,sołacz
789097375,32.0,2600.0,2022-10-20,łazarz
778989502,60.0,2400.0,2022-10-20,stare miasto
789887714,69.5,3400.0,2022-10-20,jeżyce
789892195,44.0,2500.0,2022-10-20,podolany
687054779,28.0,1700.0,2022-10-20,grunwald
789261200,49.0,2900.0,2022-10-20,stare miasto
788632575,50.0,1800.0,2022-10-20,łazarz
784659004,106.0,3500.0,2022-10-20,jeżyce
775652046,58.0,2600.0,2022-10-20,chartowo
773522801,80.0,5000.0,2022-10-20,ławica
786777701,75.0,3500.0,2022-10-20,starołęka
785373210,48.0,2150.0,2022-10-20,winogrady
787834940,30.0,1400.0,2022-10-20,łazarz
789096696,49.0,1500.0,2022-10-20,piątkowo
786059310,40.0,2500.0,2022-10-20,grunwald
787711964,47.3,1900.0,2022-10-20,winogrady
787258637,50.0,1700.0,2022-10-20,naramowice
786712122,69.0,2500.0,2022-10-20,grunwald
784499659,50.0,2700.0,2022-10-20,jeżyce
787822490,30.0,700.0,2022-10-20,śródka
788893227,60.0,2500.0,2022-10-20,górczyn
783048184,63.0,2200.0,2022-10-20,górczyn
781058946,51.0,2300.0,2022-10-20,górczyn
723503259,64.0,2799.0,2022-10-20,dębiec
784692310,64.0,3000.0,2022-10-20,rataje
787736562,54.0,2000.0,2022-10-20,grunwald
770179308,58.0,5200.0,2022-10-20,komandoria
587532300,35.0,4500.0,2022-10-20,łazarz
790019927,59.0,2700.0,2022-10-20,chartowo
785760083,49.5,2100.0,2022-10-20,piątkowo
782432533,49.0,2350.0,2022-10-20,jeżyce
784862979,48.0,2700.0,2022-10-20,winogrady
785292666,120.0,8400.0,2022-10-20,warszawskie
651825131,50.0,2700.0,2022-10-20,rataje
789127819,36.0,2000.0,2022-10-20,dębiec
789308203,40.0,2500.0,2022-10-20,chartowo
788607424,140.0,3000.0,2022-10-20,grunwald
783921745,220.0,6000.0,2022-10-20,wilda
784896523,70.0,4000.0,2022-10-20,junikowo
787909719,71.0,2500.0,2022-10-20,grunwald
788544554,57.8,2700.0,2022-10-20,stare miasto
788846935,50.0,1100.0,2022-10-20,ogrody
788012115,60.0,2400.0,2022-10-20,wilda
758771128,47.1,2700.0,2022-10-20,komandoria
660981828,60.0,6500.0,2022-10-20,stare miasto
783738373,50.0,2300.0,2022-10-20,winogrady
788837955,46.0,2600.0,2022-10-20,grunwald
786911261,55.0,2299.0,2022-10-20,łazarz
784695733,33.6,1700.0,2022-10-20,grunwald
789333578,42.0,1450.0,2022-10-20,jeżyce
686808087,31.0,1800.0,2022-10-20,naramowice
786265882,7.0,1000.0,2022-10-20,piątkowo
789549606,26.0,2000.0,2022-10-20,ogrody
717984477,60.0,5500.0,2022-10-20,stare miasto
785396973,40.0,3000.0,2022-10-20,rataje
786645209,50.0,2600.0,2022-10-20,winogrady
784475166,61.0,2700.0,2022-10-20,ogrody
786925350,44.0,2300.0,2022-10-20,grunwald
784981510,50.0,2500.0,2022-10-20,winiary
777411737,45.0,2300.0,2022-10-20,dębiec
789207467,12.0,2000.0,2022-10-20,piątkowo
788886396,44.0,2300.0,2022-10-20,grunwald
776837150,30.0,2900.0,2022-10-20,piątkowo
786569539,44.0,3500.0,2022-10-20,łacina
787754658,50.0,2500.0,2022-10-20,wilda
693598585,71.0,4200.0,2022-10-20,grunwald
785889706,56.0,2800.0,2022-10-20,grunwald
789841975,22.0,1400.0,2022-10-20,sołacz
780688301,78.0,2900.0,2022-10-20,piątkowo
703829191,50.0,1800.0,2022-10-20,komandoria
787853165,40.0,2500.0,2022-10-20,dębiec
787036247,52.0,2500.0,2022-10-20,junikowo
780215976,26.0,3900.0,2022-10-20,łazarz
783414823,75.0,3200.0,2022-10-20,jeżyce
788432368,48.0,2000.0,2022-10-20,grunwald
648764209,38.0,1850.0,2022-10-20,rataje
784440727,55.1,3250.0,2022-10-20,warszawskie
751243003,100.0,2300.0,2022-10-20,grunwald
781191975,42.0,2200.0,2022-10-20,jeżyce
789611204,70.0,1600.0,2022-10-20,łazarz
787930950,53.0,2600.0,2022-10-20,winogrady
653734807,40.0,1499.0,2022-10-20,naramowice
790033274,87.0,3500.0,2022-10-20,winogrady
784987519,65.0,2400.0,2022-10-20,jeżyce
790015183,70.0,2600.0,2022-10-20,starołęka
530458713,34.0,2200.0,2022-10-20,wilda
789186731,38.0,2300.0,2022-10-20,winogrady
710774589,50.0,2400.0,2022-10-20,stare miasto
790099088,36.0,2300.0,2022-10-20,łazarz
787008590,57.0,3500.0,2022-10-20,winiary
776487107,42.0,2700.0,2022-10-20,rataje
786061307,38.0,1800.0,2022-10-20,rataje
786392571,40.0,3000.0,2022-10-20,jeżyce
789055497,44.0,2800.0,2022-10-20,rataje
694208937,80.0,2900.0,2022-10-20,wilda
788813419,22.0,2000.0,2022-10-20,winiary
788954630,40.0,1800.0,2022-10-20,ławica
761536329,75.0,3490.0,2022-10-20,rataje
787794206,24.0,2800.0,2022-10-20,jeżyce
789416511,42.0,2000.0,2022-10-20,podolany
776681690,50.0,2050.0,2022-10-20,wilda
778166660,37.0,2300.0,2022-10-20,jeżyce
789334967,65.0,2800.0,2022-10-20,chartowo
789245923,69.9,3000.0,2022-10-20,jeżyce
712613519,30.31,2200.0,2022-10-20,jeżyce
711458782,73.0,2000.0,2022-10-20,grunwald
656589081,35.0,2200.0,2022-10-20,wilda
784573188,53.0,2600.0,2022-10-20,jeżyce
786603752,30.0,1800.0,2022-10-20,szczepankowo
789099180,50.0,2200.0,2022-10-20,stare miasto
777750531,50.39,2900.0,2022-10-20,sołacz
749045846,82.0,2600.0,2022-10-20,grunwald
787823356,42.0,2800.0,2022-10-20,jeżyce
788676679,78.0,2600.0,2022-10-20,grunwald
785093641,25.0,1900.0,2022-10-20,ogrody
783234379,45.6,2100.0,2022-10-20,górczyn
785125865,70.0,2500.0,2022-10-20,łazarz
779884806,40.0,1600.0,2022-10-20,winogrady
785475894,52.0,2500.0,2022-10-20,chartowo
770780993,34.0,3000.0,2022-10-20,stare miasto
681090627,45.0,2600.0,2022-10-20,jeżyce
786378934,39.0,2000.0,2022-10-20,grunwald
693391143,30.0,2400.0,2022-10-20,jeżyce
780412340,110.0,450.0,2022-10-20,wilda
788059824,42.0,2400.0,2022-10-20,sołacz
788459533,52.6,2300.0,2022-10-20,grunwald
705026700,52.0,2100.0,2022-10-20,piątkowo
789510245,33.0,2800.0,2022-10-20,naramowice
786244592,105.0,2000.0,2022-10-20,łazarz
783212532,42.0,2250.0,2022-10-20,stare miasto
786107441,76.0,5000.0,2022-10-20,piątkowo
788064700,52.0,2800.0,2022-10-20,górczyn
632404896,55.0,6000.0,2022-10-20,stare miasto
668533132,60.0,6000.0,2022-10-20,stare miasto
776844557,64.0,2200.0,2022-10-20,chartowo
755001979,40.5,2900.0,2022-10-20,grunwald
700244154,77.0,2000.0,2022-10-20,górczyn
624964329,30.0,1200.0,2022-10-20,warszawskie
663694938,42.0,2200.0,2022-10-20,łazarz
718026201,55.0,7000.0,2022-10-20,stare miasto
718114567,55.0,7000.0,2022-10-20,stare miasto
775396950,40.0,2950.0,2022-10-20,rataje
783194358,44.0,1550.0,2022-10-20,dębiec
788862039,40.0,2200.0,2022-10-20,winiary
782567618,71.0,3300.0,2022-10-20,jeżyce
786701811,40.0,2100.0,2022-10-20,dębiec
788491392,51.0,2300.0,2022-10-20,łacina
779980456,51.0,2900.0,2022-10-20,górczyn
686528129,50.0,2000.0,2022-10-20,sołacz
779148267,33.0,2200.0,2022-10-20,dębiec
784399866,40.0,3000.0,2022-10-20,stare miasto
577285724,62.0,1500.0,2022-10-20,starołęka
788608495,32.0,1900.0,2022-10-20,jeżyce
697495956,46.5,2000.0,2022-10-20,chartowo
789549742,72.0,2500.0,2022-10-20,grunwald
783656895,442.0,2600.0,2022-10-20,chartowo
789404048,44.0,2000.0,2022-10-20,piątkowo
788072502,46.0,2500.0,2022-10-20,stare miasto
744307954,80.0,3100.0,2022-10-20,winogrady
789483275,40.0,2500.0,2022-10-20,stare miasto
779936325,48.8,2000.0,2022-10-20,rataje
779110811,18.0,1200.0,2022-10-20,rataje
788566847,42.6,2100.0,2022-10-20,śródka
784051962,50.0,2600.0,2022-10-20,dębiec
787367518,47.0,2400.0,2022-10-20,naramowice
788903014,70.0,9500.0,2022-10-20,jeżyce
788708375,50.0,3500.0,2022-10-20,grunwald
785548882,75.0,3200.0,2022-10-20,starołęka
723121760,47.0,2550.0,2022-10-20,łacina
781585068,47.0,3000.0,2022-10-20,piątkowo
778085288,50.0,1799.0,2022-10-20,wilda
784469196,20.0,1500.0,2022-10-20,jeżyce
761512821,46.0,1900.0,2022-10-20,piątkowo
782570653,35.0,1900.0,2022-10-20,rataje
743779368,48.0,2000.0,2022-10-20,junikowo
790012738,58.0,3100.0,2022-10-20,stare miasto
789274387,40.0,2600.0,2022-10-20,wilda
649552753,33.0,2600.0,2022-10-20,wilda
686353700,42.0,2400.0,2022-10-20,górczyn
785321485,59.35,2000.0,2022-10-20,grunwald
788563279,54.56,3000.0,2022-10-20,grunwald
778728957,40.0,2500.0,2022-10-20,rataje
784939942,47.0,2000.0,2022-10-20,łazarz
786586417,49.0,2600.0,2022-10-20,piątkowo
781214681,45.0,2400.0,2022-10-20,jeżyce
783863208,48.5,2400.0,2022-10-20,łacina
789389756,56.17,3200.0,2022-10-20,łacina
789316369,50.0,3000.0,2022-10-20,łazarz
788767788,65.5,2800.0,2022-10-20,wilda
781715414,87.0,3600.0,2022-10-20,naramowice
780531934,130.0,4500.0,2022-10-20,stare miasto
782601191,30.0,2200.0,2022-10-20,wilda
778571434,55.0,2100.0,2022-10-20,jeżyce
758472290,49.0,2400.0,2022-10-20,naramowice
789038201,48.0,2800.0,2022-10-20,rataje
785217406,38.0,1500.0,2022-10-20,jeżyce
689862445,50.0,8500.0,2022-10-20,stare miasto
787589166,50.0,2500.0,2022-10-20,dębiec
682778832,60.0,6000.0,2022-10-20,stare miasto
668365745,38.0,1700.0,2022-10-20,grunwald
756441930,40.0,2300.0,2022-10-20,naramowice
788605737,55.0,2300.0,2022-10-20,wilda
786918711,47.0,2000.0,2022-10-20,piątkowo
784053434,27.55,2250.0,2022-10-20,rataje
788016020,52.0,2500.0,2022-10-20,ogrody
788600536,50.0,2900.0,2022-10-20,naramowice
785000713,48.0,2200.0,2022-10-20,warszawskie
789556166,55.0,2900.0,2022-10-20,rataje
778774080,53.0,2200.0,2022-10-20,łazarz
787867652,40.0,1500.0,2022-10-20,dębiec
771460493,50.0,2750.0,2022-10-20,śródka
784855985,63.3,3800.0,2022-10-20,piątkowo
790084083,68.0,3300.0,2022-10-20,winogrady
789490233,55.0,2500.0,2022-10-20,komandoria
575657402,16.0,900.0,2022-10-20,piątkowo
691301860,64.0,3500.0,2022-10-20,rataje
783169982,72.0,2600.0,2022-10-20,stare miasto
789372647,39.0,2100.0,2022-10-20,dębiec
788579406,45.0,2500.0,2022-10-20,wilda
679072212,22.0,2300.0,2022-10-20,komandoria
788724540,39.0,2300.0,2022-10-20,podolany
789524850,69.0,3000.0,2022-10-20,grunwald
789350660,38.0,2600.0,2022-10-20,wilda
787258384,50.0,3100.0,2022-10-20,naramowice
789783138,40.21,2500.0,2022-10-20,starołęka
786838999,54.0,3000.0,2022-10-20,jeżyce
777595718,42.0,2700.0,2022-10-20,stare miasto
787983636,51.2,2500.0,2022-10-20,dębiec
717997914,60.0,6000.0,2022-10-20,stare miasto
780043723,45.0,2000.0,2022-10-20,podolany
785552236,37.0,1800.0,2022-10-20,winiary
788184363,51.0,1899.0,2022-10-20,piątkowo
786997854,40.0,100.0,2022-10-20,dębiec
655647434,53.0,2600.0,2022-10-20,chartowo
788514950,47.5,2200.0,2022-10-20,wilda
774083997,35.0,2500.0,2022-10-20,sołacz
789746445,55.0,2300.0,2022-10-20,warszawskie
786399621,53.0,1400.0,2022-10-20,rataje
688019721,28.0,1800.0,2022-10-20,starołęka
788592007,55.0,1500.0,2022-10-20,łazarz
708479187,59.0,2400.0,2022-10-20,łacina
742865035,50.0,3300.0,2022-10-20,jeżyce
787954632,37.0,2000.0,2022-10-20,dębiec
784529622,64.0,3600.0,2022-10-20,grunwald
786083887,44.0,2400.0,2022-10-20,rataje
783711899,48.73,1700.0,2022-10-20,komandoria
697879534,49.29,3100.0,2022-10-20,górczyn
785215516,59.35,2300.0,2022-10-20,górczyn
700167673,80.0,3000.0,2022-10-20,rataje
786363876,42.0,2000.0,2022-10-20,łazarz
789126522,44.0,2600.0,2022-10-20,jeżyce
780347642,60.0,5000.0,2022-10-20,stare miasto
789504371,36.78,2000.0,2022-10-20,rataje
776106353,65.0,2600.0,2022-10-20,stare miasto
682082690,31.0,2000.0,2022-10-20,rataje
776424163,70.0,2600.0,2022-10-20,dębiec
668031957,45.0,2500.0,2022-10-20,dębiec
777947421,28.0,1000.0,2022-10-20,smochowice
789430923,60.0,2999.0,2022-10-20,stare miasto
785032777,51.6,2200.0,2022-10-20,piątkowo
692274914,80.0,2900.0,2022-10-20,wilda
779322285,60.0,6000.0,2022-10-20,stare miasto
788766039,44.43,2700.0,2022-10-20,stare miasto
774137371,46.0,2400.0,2022-10-20,grunwald
788349782,49.0,3200.0,2022-10-20,warszawskie
789561748,49.0,2200.0,2022-10-20,górczyn
781832389,20.0,1600.0,2022-10-20,wilda
738877248,49.0,1900.0,2022-10-20,sołacz
789487387,54.0,2600.0,2022-10-20,chartowo
786470499,46.0,2500.0,2022-10-20,winogrady
787413615,36.0,2400.0,2022-10-20,ogrody
771692423,31.0,1800.0,2022-10-20,stare miasto
783232803,45.0,2600.0,2022-10-20,stare miasto
784436465,57.1,3370.0,2022-10-20,warszawskie
790086749,32.0,1500.0,2022-10-20,winogrady
789210453,50.0,2100.0,2022-10-20,naramowice
704724014,64.0,4000.0,2022-10-20,łacina
786293476,50.0,1800.0,2022-10-20,dębiec
788693117,53.0,2500.0,2022-10-20,winogrady
779198733,40.0,2000.0,2022-10-20,górczyn
788171343,44.0,2000.0,2022-10-20,rataje
766265559,36.0,2600.0,2022-10-20,starołęka
784137156,65.0,2700.0,2022-10-20,grunwald
789768650,44.0,2200.0,2022-10-20,rataje
789097336,65.0,1900.0,2022-10-20,jeżyce
786308072,49.6,3000.0,2022-10-20,wilda
780254664,60.0,1100.0,2022-10-20,wilda
787722259,58.0,5200.0,2022-10-20,komandoria
787733878,55.0,1800.0,2022-10-20,starołęka
781848155,50.0,2300.0,2022-10-20,piątkowo
756045567,40.0,2500.0,2022-10-20,jeżyce
785223013,60.0,1700.0,2022-10-20,łazarz
780618485,64.0,3100.0,2022-10-20,rataje
773010744,38.0,3500.0,2022-10-20,jeżyce
780936938,55.9,2200.0,2022-10-20,łacina
784311683,61.3,2400.0,2022-10-20,piątkowo
786443640,78.3,1300.0,2022-10-20,grunwald
703400894,36.0,2100.0,2022-10-20,rataje
787505254,50.0,2550.0,2022-10-20,piątkowo
789612399,78.0,1600.0,2022-10-20,łazarz
785681148,50.0,2700.0,2022-10-20,piątkowo
768184865,60.0,3600.0,2022-10-20,wilda
790110282,47.0,3000.0,2022-10-20,naramowice
785471991,60.0,3000.0,2022-10-20,wilda
788625171,70.0,750.0,2022-10-20,junikowo
788464270,70.0,2500.0,2022-10-20,chartowo
787487949,32.0,2500.0,2022-10-20,starołęka
788457388,69.0,3300.0,2022-10-20,grunwald
789474838,34.0,2500.0,2022-10-20,wilda
787337573,46.0,2350.0,2022-10-20,podolany
779397860,66.0,3600.0,2022-10-20,piątkowo
788221060,34.0,2100.0,2022-10-20,łazarz
771688709,60.0,2600.0,2022-10-20,stare miasto
786083040,50.3,3200.0,2022-10-20,warszawskie
787854442,51.0,3500.0,2022-10-20,sołacz
778837375,30.0,2000.0,2022-10-20,stare miasto
789754375,49.0,2000.0,2022-10-20,piątkowo
786115836,50.0,1900.0,2022-10-20,piątkowo
783431683,43.0,1900.0,2022-10-20,jeżyce
789660557,12.5,1250.0,2022-10-20,rataje
780100849,120.0,3200.0,2022-10-20,stare miasto
713414228,61.1,2400.0,2022-10-20,warszawskie
779890295,385.0,2850.0,2022-10-20,rataje
785276317,48.0,2400.0,2022-10-20,komandoria
784683822,44.0,2400.0,2022-10-20,dębiec
679293958,38.0,1500.0,2022-10-20,piątkowo
789291769,27.5,2400.0,2022-10-20,stare miasto
783375265,50.0,2000.0,2022-10-20,szczepankowo
785299815,90.0,3000.0,2022-10-20,naramowice
787696940,33.0,1800.0,2022-10-20,rataje
717989376,70.0,6500.0,2022-10-20,stare miasto
703098992,48.15,2500.0,2022-10-20,ławica
788970885,48.0,2400.0,2022-10-20,łacina
784176681,16.0,1500.0,2022-10-20,stare miasto
784388318,64.0,3000.0,2022-10-20,warszawskie
689947829,65.0,1700.0,2022-10-20,strzeszyn
761912168,37.0,1650.0,2022-10-20,górczyn
772128507,70.0,1850.0,2022-10-20,stare miasto
714779844,60.0,2200.0,2022-10-20,warszawskie
783615834,64.0,2700.0,2022-10-20,piątkowo
788544499,42.0,2800.0,2022-10-20,jeżyce
787296647,44.0,2000.0,2022-10-20,wilda
787513456,27.0,1600.0,2022-10-20,winogrady
783789900,38.0,2300.0,2022-10-20,górczyn
693914112,53.0,1900.0,2022-10-20,wilda
789606537,60.0,3100.0,2022-10-20,jeżyce
789547701,52.0,2300.0,2022-10-20,warszawskie
787815950,60.0,2500.0,2022-10-20,stare miasto
784670107,53.0,2200.0,2022-10-20,podolany
789329656,37.0,2600.0,2022-10-20,starołęka
788331529,69.0,3500.0,2022-10-20,rataje
789525383,20.0,2000.0,2022-10-20,winiary
788906993,34.0,2400.0,2022-10-20,junikowo
668465512,73.0,2500.0,2022-10-20,rataje
784867726,78.0,4500.0,2022-10-20,stare miasto
785582444,38.0,1500.0,2022-10-20,junikowo
784485507,38.0,2400.0,2022-10-20,winogrady
783509197,89.0,3200.0,2022-10-20,komandoria
786578925,70.0,3500.0,2022-10-20,jeżyce
790017861,40.0,1900.0,2022-10-20,winogrady
779479074,65.0,6000.0,2022-10-20,stare miasto
789428363,43.0,2100.0,2022-10-20,podolany
779203966,60.0,6000.0,2022-10-20,stare miasto
789441819,50.0,2600.0,2022-10-20,jeżyce
783637897,37.0,2300.0,2022-10-20,winiary
784705782,77.0,3200.0,2022-10-20,grunwald
785650245,130.0,783.0,2022-10-20,stare miasto
789273462,50.0,2000.0,2022-10-20,chartowo
783466348,54.4,3500.0,2022-10-20,wilda
783466895,44.92,2400.0,2022-10-20,jeżyce
786954627,74.0,2600.0,2022-10-20,stare miasto
786411494,90.0,2700.0,2022-10-20,stare miasto
771979276,28.0,1650.0,2022-10-20,dębiec
785097028,48.0,2400.0,2022-10-20,rataje
784579557,43.0,2100.0,2022-10-20,jeżyce
784434032,61.8,3600.0,2022-10-20,warszawskie
784394090,38.0,2500.0,2022-10-20,rataje
640203570,60.0,6000.0,2022-10-20,stare miasto
790062789,42.0,2500.0,2022-10-20,wilda
787714659,58.0,5500.0,2022-10-20,piątkowo
785213284,49.0,2300.0,2022-10-20,piątkowo
789707542,43.0,2850.0,2022-10-20,łazarz
783610333,67.0,3000.0,2022-10-20,piątkowo
787726573,37.5,1500.0,2022-10-20,dębiec
784698092,33.6,1700.0,2022-10-20,junikowo
717999630,51.0,3500.0,2022-10-20,stare miasto
783576587,52.0,3000.0,2022-10-20,podolany
780588411,50.0,2600.0,2022-10-20,łazarz
677919001,53.0,2300.0,2022-10-20,strzeszyn
704969466,37.0,2200.0,2022-10-20,łazarz
789651592,55.0,3500.0,2022-10-20,grunwald
784416102,62.0,2800.0,2022-10-20,winiary
786064774,36.0,2500.0,2022-10-20,rataje
789337059,49.0,2500.0,2022-10-20,komandoria
789905760,48.0,2400.0,2022-10-20,stare miasto
787091245,95.0,5500.0,2022-10-20,naramowice
786263068,56.0,2200.0,2022-10-20,winogrady
777544022,64.0,2100.0,2022-10-20,winogrady
788175485,22.0,1400.0,2022-10-20,szczepankowo
705624430,42.0,2500.0,2022-10-20,piątkowo
788821665,78.0,3200.0,2022-10-20,łazarz
786670734,59.0,2200.0,2022-10-20,winiary
786305660,35.0,2300.0,2022-10-20,grunwald
696587130,50.0,1500.0,2022-10-20,chartowo
787898017,49.0,2300.0,2022-10-20,piątkowo
789516539,60.0,1000.0,2022-10-20,rataje
728807597,52.0,1900.0,2022-10-20,smochowice
778943839,110.0,3300.0,2022-10-20,strzeszyn
789757679,38.0,1800.0,2022-10-20,rataje
778908597,34.0,2550.0,2022-10-20,rataje
788707451,54.0,3300.0,2022-10-20,jeżyce
784659254,58.0,2600.0,2022-10-20,górczyn
654047796,62.66,3400.0,2022-10-20,podolany
785113606,60.0,2200.0,2022-10-20,wilda
787344845,38.0,2200.0,2022-10-20,rataje
779238953,41.0,2200.0,2022-10-20,grunwald
788532803,44.0,2500.0,2022-10-20,rataje
789338817,57.0,3000.0,2022-10-20,grunwald
780596957,42.0,2700.0,2022-10-20,łacina
786309364,31.0,2000.0,2022-10-20,chartowo
691247459,27.0,900.0,2022-10-20,naramowice
786977624,27.7,2500.0,2022-10-20,sołacz
785565339,24.0,2200.0,2022-10-20,winiary
749976447,38.0,2300.0,2022-10-20,winogrady
772684278,52.0,2500.0,2022-10-19,wilda
773930700,84.0,6500.0,2022-10-19,śródka
783415975,28.0,1600.0,2022-10-19,ogrody
777159812,120.0,2800.0,2022-10-19,warszawskie
783584304,62.0,2700.0,2022-10-19,rataje
782882046,42.0,2700.0,2022-10-19,rataje
787347724,49.0,2400.0,2022-10-19,łazarz
698553880,27.5,1500.0,2022-10-19,grunwald
779973933,30.0,2000.0,2022-10-19,komandoria
784068380,54.0,2000.0,2022-10-19,chartowo
786942872,34.77,2480.0,2022-10-19,jeżyce
786913691,26.75,2060.0,2022-10-19,jeżyce
693309158,42.0,2000.0,2022-10-19,chartowo
789293858,33.0,2200.0,2022-10-19,chartowo
787263628,37.0,1200.0,2022-10-19,jeżyce
779673908,48.0,2200.0,2022-10-19,grunwald
677006244,37.0,1400.0,2022-10-19,łazarz
787316662,47.0,2400.0,2022-10-19,rataje
787928709,32.0,1800.0,2022-10-19,stare miasto
788878985,22.0,1600.0,2022-10-19,górczyn
739901839,12.0,1500.0,2022-10-19,grunwald
785079700,26.0,2300.0,2022-10-19,stare miasto
787389710,80.0,2000.0,2022-10-19,naramowice
785687184,42.0,2700.0,2022-10-19,rataje
787235348,37.0,1900.0,2022-10-19,stare miasto
788769554,41.0,2500.0,2022-10-19,jeżyce
705425900,44.0,2200.0,2022-10-19,rataje
692690495,43.0,1700.0,2022-10-19,naramowice
789744676,31.0,1000.0,2022-10-19,grunwald
610158723,58.0,2500.0,2022-10-19,rataje
699061725,38.0,2200.0,2022-10-19,rataje
788582852,49.0,2100.0,2022-10-19,piątkowo
789496404,39.0,1850.0,2022-10-19,jeżyce
786517018,48.0,2200.0,2022-10-19,piątkowo
785443499,50.0,2200.0,2022-10-19,piątkowo
782994059,50.0,2550.0,2022-10-19,łazarz
786762830,85.0,2600.0,2022-10-19,jeżyce
643925708,54.0,2000.0,2022-10-19,naramowice
785693958,40.0,1600.0,2022-10-19,dębiec
783520953,90.0,2700.0,2022-10-19,górczyn
787313036,54.6,2200.0,2022-10-19,wilda
701179842,26.0,2300.0,2022-10-19,komandoria
788635898,49.0,2350.0,2022-10-19,śródka
748620903,20.0,2000.0,2022-10-19,dębiec
777967096,54.0,3600.0,2022-10-19,chartowo
702621166,42.0,3000.0,2022-10-19,stare miasto
693009119,65.0,2000.0,2022-10-19,piątkowo
789054231,53.0,2300.0,2022-10-19,strzeszyn
789538181,110.0,875.0,2022-10-18,stare miasto
786728911,38.0,1800.0,2022-10-18,winogrady
788592080,36.71,2500.0,2022-10-18,rataje
786984659,44.0,2500.0,2022-10-18,śródka
651873569,27.0,1600.0,2022-10-18,dębiec
782891886,47.0,2900.0,2022-10-18,warszawskie
786977853,48.6,2500.0,2022-10-18,rataje
761539056,75.0,3490.0,2022-10-18,rataje
789276267,65.0,2500.0,2022-10-18,grunwald
789079589,33.0,1700.0,2022-10-18,ławica
786999539,89.0,1500.0,2022-10-18,stare miasto
781456971,48.0,1699.0,2022-10-18,warszawskie
761046971,35.0,1700.0,2022-10-18,jeżyce
787908677,54.0,2400.0,2022-10-18,jeżyce
710256498,48.0,2100.0,2022-10-18,rataje
787085557,30.0,900.0,2022-10-18,górczyn
642949583,84.0,3400.0,2022-10-18,stare miasto
788532040,33.0,2500.0,2022-10-18,jeżyce
783112989,100.0,2700.0,2022-10-18,jeżyce
789102699,81.0,2500.0,2022-10-18,jeżyce
788446081,37.0,2000.0,2022-10-18,piątkowo
789428946,40.0,1600.0,2022-10-18,grunwald
786981593,39.0,2200.0,2022-10-18,śródka
783375369,52.0,1900.0,2022-10-18,grunwald
789297358,45.0,2100.0,2022-10-18,sołacz
787826717,90.0,2200.0,2022-10-18,stare miasto
785253670,19.0,1250.0,2022-10-18,stare miasto
788474440,35.0,1900.0,2022-10-18,junikowo
764455709,46.8,2200.0,2022-10-18,piątkowo
787209144,42.0,3000.0,2022-10-18,rataje
665344788,50.0,450000.0,2022-10-18,winogrady
692354469,40.0,2500.0,2022-10-18,łacina
782603077,46.0,2800.0,2022-10-18,jeżyce
789461157,44.0,2000.0,2022-10-18,rataje
734609942,31.0,1600.0,2022-10-18,starołęka
787058343,54.61,2500.0,2022-10-18,grunwald
742367304,65.0,3150.0,2022-10-18,łazarz
785538943,50.0,2500.0,2022-10-18,naramowice
783114325,83.0,3000.0,2022-10-18,grunwald
789235136,48.0,2500.0,2022-10-18,chartowo
787856558,44.0,2200.0,2022-10-18,piątkowo
782857312,69.0,2100.0,2022-10-18,winogrady
657797333,30.0,1000.0,2022-10-18,sołacz
786802570,34.0,1600.0,2022-10-17,grunwald
648326408,36.0,1700.0,2022-10-17,jeżyce
779714942,34.0,1400.0,2022-10-17,stare miasto
779653615,64.0,2900.0,2022-10-17,junikowo
719568014,50.0,1900.0,2022-10-17,stare miasto
789031156,38.0,1500.0,2022-10-17,wilda
777952673,32.0,2500.0,2022-10-17,starołęka
788619099,35.0,1700.0,2022-10-17,grunwald
780675759,64.0,2500.0,2022-10-17,górczyn
783554011,52.0,3200.0,2022-10-17,stare miasto
784705696,46.0,2000.0,2022-10-17,naramowice
773520906,51.0,2800.0,2022-10-17,jeżyce
784687358,45.0,2500.0,2022-10-17,winogrady
789176390,27.0,1700.0,2022-10-17,wilda
789348166,30.0,2000.0,2022-10-17,dębiec
782425919,47.0,2400.0,2022-10-17,wilda
788918027,34.5,1700.0,2022-10-17,sołacz
783497586,25.0,6300.0,2022-10-17,stare miasto
783493882,20.0,4200.0,2022-10-17,grunwald
786654314,41.5,1900.0,2022-10-17,winogrady
644229489,43.0,2300.0,2022-10-17,łacina
788354110,39.0,2580.0,2022-10-17,jeżyce
700504469,47.0,2100.0,2022-10-17,ogrody
744025126,19.0,1800.0,2022-10-17,wilda
780113041,16.0,1000.0,2022-10-17,łazarz
786808556,65.0,2300.0,2022-10-17,winogrady
788541414,39.0,2100.0,2022-10-17,dębiec
789170504,35.0,2000.0,2022-10-17,strzeszyn
775475956,48.0,3000.0,2022-10-17,rataje
785395131,7.0,800.0,2022-10-17,piątkowo
771119340,30.0,1100.0,2022-10-17,śródka
788154086,33.0,1800.0,2022-10-17,naramowice
779599649,79.5,3300.0,2022-10-17,naramowice
686560729,50.0,2200.0,2022-10-17,naramowice
653677632,28.0,1300.0,2022-10-17,rataje
786569501,45.0,2900.0,2022-10-17,jeżyce
785207464,39.0,2000.0,2022-10-17,jeżyce
772558102,60.0,3500.0,2022-10-17,łazarz
787622077,44.0,2300.0,2022-10-17,jeżyce
788464290,36.0,1600.0,2022-10-17,jeżyce
785855563,67.0,2800.0,2022-10-17,jeżyce
782538440,75.0,3500.0,2022-10-17,wilda
787224337,74.0,3000.0,2022-10-16,stare miasto
788432908,49.0,2600.0,2022-10-16,górczyn
702819633,31.0,1600.0,2022-10-16,rataje
699336346,47.0,3300.0,2022-10-16,warszawskie
780102299,75.0,2800.0,2022-10-16,stare miasto
709351034,31.0,2000.0,2022-10-16,rataje
786826233,31.0,1800.0,2022-10-16,grunwald
784655796,54.0,2500.0,2022-10-16,górczyn
789051952,26.5,1500.0,2022-10-16,winogrady
788744450,12.0,900.0,2022-10-16,sołacz
786672796,46.0,1800.0,2022-10-16,stare miasto
782335927,47.0,2500.0,2022-10-16,jeżyce
667096170,24.0,1500.0,2022-10-16,łazarz
782254599,58.5,3500.0,2022-10-16,rataje
788470170,42.0,2400.0,2022-10-16,naramowice
782888123,42.0,2700.0,2022-10-16,rataje
787033279,50.0,2800.0,2022-10-16,winiary
788851236,60.0,2300.0,2022-10-16,warszawskie
788464988,33.0,1700.0,2022-10-16,ławica
789097210,27.0,1000.0,2022-10-16,ogrody
782515782,54.0,2300.0,2022-10-16,wilda
782327593,51.0,2500.0,2022-10-16,piątkowo
782347289,64.0,2400.0,2022-10-16,winogrady
787354599,32.0,1750.0,2022-10-16,grunwald
785059344,47.0,2000.0,2022-10-15,winogrady
788782007,39.0,1900.0,2022-10-15,piątkowo
784910329,27.2,1500.0,2022-10-15,warszawskie
783896236,32.0,2000.0,2022-10-15,winogrady
676265957,68.0,3100.0,2022-10-15,szczepankowo
767104842,25.0,1000.0,2022-10-15,stare miasto
772356375,50.0,900.0,2022-10-15,wilda
787441514,41.0,3000.0,2022-10-15,rataje
786464499,84.0,6500.0,2022-10-15,śródka
782001429,55.0,2600.0,2022-10-15,podolany
782129230,20.0,500.0,2022-10-15,dębiec
787712735,38.0,2500.0,2022-10-15,jeżyce
784826120,43.0,2100.0,2022-10-15,podolany
769982347,32.0,2300.0,2022-10-15,jeżyce
788924775,48.7,390000.0,2022-10-15,winogrady
786412300,100.0,1600.0,2022-10-15,wilda
785886948,37.6,1999.0,2022-10-15,rataje
722244886,41.0,1800.0,2022-10-15,górczyn
703287882,50.0,2100.0,2022-10-15,stare miasto
786398128,28.0,1400.0,2022-10-15,winogrady
788856383,39.0,2100.0,2022-10-15,naramowice
779323696,70.0,5500.0,2022-10-15,stare miasto
783172470,25.0,1800.0,2022-10-15,winiary
782186784,57.0,2500.0,2022-10-15,chartowo
786356961,36.0,1600.0,2022-10-15,starołęka
782101961,56.0,2650.0,2022-10-15,naramowice
782110808,47.0,2800.0,2022-10-15,wilda
788539308,46.0,1700.0,2022-10-15,grunwald
779400353,66.0,3600.0,2022-10-15,piątkowo
784163791,44.0,1800.0,2022-10-15,rataje
781892311,52.0,2500.0,2022-10-15,rataje
780044073,58.0,3500.0,2022-10-15,stare miasto
734689234,25.0,1900.0,2022-10-15,komandoria
787086864,45.0,2400.0,2022-10-15,podolany
788460820,38.0,1900.0,2022-10-15,jeżyce
755300840,37.0,1800.0,2022-10-14,śródka
788430374,50.0,2500.0,2022-10-14,grunwald
766069752,73.0,3300.0,2022-10-14,łacina
786256714,38.0,2000.0,2022-10-14,winogrady
786051610,44.2,2200.0,2022-10-14,górczyn
710917665,29.0,1950.0,2022-10-14,wilda
786257729,40.0,2000.0,2022-10-14,sołacz
788560519,45.5,2199.0,2022-10-14,smochowice
784056351,36.3,3000.0,2022-10-14,rataje
786498006,49.6,2500.0,2022-10-14,stare miasto
787857319,60.0,2400.0,2022-10-14,łazarz
720094060,36.0,2600.0,2022-10-14,jeżyce
739028584,36.0,1800.0,2022-10-14,warszawskie
784786808,42.0,2200.0,2022-10-14,smochowice
781671468,32.0,2150.0,2022-10-14,śródka
786266934,26.0,1800.0,2022-10-14,jeżyce
788100142,30.0,1550.0,2022-10-14,junikowo
788636197,40.0,3000.0,2022-10-14,komandoria
786266765,65.0,2800.0,2022-10-14,łacina
786414429,50.0,2300.0,2022-10-14,komandoria
786279680,50.0,2500.0,2022-10-14,górczyn
785403460,52.0,2300.0,2022-10-14,piątkowo
786291453,47.0,2950.0,2022-10-14,stare miasto
788460990,38.0,2500.0,2022-10-14,rataje
786260896,34.0,2100.0,2022-10-14,łazarz
704668689,53.5,2600.0,2022-10-14,chartowo
786287345,38.0,1800.0,2022-10-14,winogrady
788220880,42.0,1200.0,2022-10-14,winogrady
643092942,31.8,1500.0,2022-10-14,piątkowo
739180420,75.0,4000.0,2022-10-14,stare miasto
786929768,42.0,2500.0,2022-10-14,jeżyce
692948107,31.0,1400.0,2022-10-14,górczyn
788539568,45.7,1600.0,2022-10-14,górczyn
622104717,39.0,1800.0,2022-10-14,winogrady
788172536,50.0,1999.0,2022-10-13,jeżyce
787338517,30.0,2200.0,2022-10-13,jeżyce
781520442,42.0,1900.0,2022-10-13,grunwald
783281570,49.0,2100.0,2022-10-13,piątkowo
787361827,53.0,2300.0,2022-10-13,rataje
775862083,30.7,1350.0,2022-10-13,stare miasto
784833167,55.0,2250.0,2022-10-13,górczyn
788472286,52.0,3000.0,2022-10-13,stare miasto
785523241,62.0,2499.0,2022-10-13,łazarz
676072857,35.0,1750.0,2022-10-13,łacina
781440228,49.0,2500.0,2022-10-13,piątkowo
787951736,42.0,2100.0,2022-10-13,jeżyce
733943027,53.0,2000.0,2022-10-13,stare miasto
624327718,32.0,1500.0,2022-10-13,jeżyce
788156699,45.0,1850.0,2022-10-13,chartowo
787008451,36.78,2200.0,2022-10-13,rataje
634087490,45.0,2200.0,2022-10-13,łazarz
788475809,38.0,2100.0,2022-10-13,łacina
787760354,40.0,1900.0,2022-10-13,grunwald
786131089,40.0,2000.0,2022-10-13,winiary
785562948,40.0,2200.0,2022-10-13,piątkowo
781541965,38.0,2450.0,2022-10-13,jeżyce
781578740,73.0,3400.0,2022-10-13,grunwald
786024100,53.3,1800.0,2022-10-13,łacina
698415594,66.0,3000.0,2022-10-13,łazarz
787096120,36.0,2200.0,2022-10-13,grunwald
776051418,110.0,2900.0,2022-10-13,naramowice
786006102,40.0,2000.0,2022-10-13,sołacz
786035627,50.0,1500.0,2022-10-13,naramowice
627823580,48.0,2100.0,2022-10-13,piątkowo
692045742,36.0,1400.0,2022-10-13,dębiec
787244709,48.0,2200.0,2022-10-13,jeżyce
786749790,67.0,2200.0,2022-10-13,wilda
781595296,120.0,10000.0,2022-10-13,wilda
781564742,50.44,2500.0,2022-10-13,grunwald
783980762,70.0,2000.0,2022-10-13,jeżyce
785283248,49.0,2400.0,2022-10-13,strzeszyn
784622171,64.0,2300.0,2022-10-13,strzeszyn
786035907,50.0,2780.0,2022-10-13,rataje
749046787,82.0,2600.0,2022-10-13,junikowo
788496527,48.0,2300.0,2022-10-13,chartowo
788130959,42.3,1650.0,2022-10-13,stare miasto
782918704,45.0,2000.0,2022-10-13,łazarz
781504608,65.0,2600.0,2022-10-13,stare miasto
782589950,50.0,2000.0,2022-10-13,strzeszyn
787863450,50.0,2100.0,2022-10-13,szczepankowo
786140911,71.0,7500.0,2022-10-13,grunwald
707781737,40.0,1650.0,2022-10-13,stare miasto
757726705,48.0,2150.0,2022-10-13,jeżyce
781717290,72.0,3000.0,2022-10-13,wilda
784908356,28.0,2150.0,2022-10-12,wilda
781352122,89.0,4000.0,2022-10-12,wilda
785682727,40.0,2000.0,2022-10-12,winiary
695820836,63.0,2870.0,2022-10-12,grunwald
786868301,33.0,2200.0,2022-10-12,ogrody
784293122,54.0,2200.0,2022-10-12,piątkowo
782572333,39.0,2300.0,2022-10-12,stare miasto
784455041,51.0,2500.0,2022-10-12,wilda
786008192,45.0,2400.0,2022-10-12,junikowo
752439731,50.0,2500.0,2022-10-12,strzeszyn
785830891,65.0,2800.0,2022-10-12,junikowo
785774117,39.0,2000.0,2022-10-12,stare miasto
784964572,25.0,800.0,2022-10-12,wilda
781352885,50.0,2600.0,2022-10-12,dębiec
650210468,31.0,1800.0,2022-10-12,warszawskie
785787854,30.0,1600.0,2022-10-12,wilda
786517655,35.0,2200.0,2022-10-12,grunwald
717107315,30.0,1600.0,2022-10-12,wilda
787482284,47.0,2500.0,2022-10-12,grunwald
781979416,28.0,1800.0,2022-10-12,sołacz
785691112,30.0,1800.0,2022-10-12,rataje
785748652,17.0,800.0,2022-10-12,chartowo
786644574,44.0,2400.0,2022-10-12,chartowo
776308211,38.0,2300.0,2022-10-12,wilda
787997922,45.0,1200.0,2022-10-12,łazarz
758631558,68.0,3700.0,2022-10-12,stare miasto
781160665,30.0,1500.0,2022-10-12,winogrady
735182619,27.0,1750.0,2022-10-12,sołacz
788165657,28.0,1400.0,2022-10-12,sołacz
786575773,48.0,2200.0,2022-10-12,łazarz
784963566,38.0,1980.0,2022-10-12,stare miasto
781219254,53.5,2500.0,2022-10-12,wilda
785866214,40.0,2000.0,2022-10-12,winogrady
781951849,100.0,3000.0,2022-10-12,łazarz
784833494,43.0,2150.0,2022-10-12,chartowo
645305029,39.0,2300.0,2022-10-12,grunwald
705025535,48.0,1700.0,2022-10-12,jeżyce
787742169,38.3,2200.0,2022-10-12,winogrady
783756543,54.0,1800.0,2022-10-12,piątkowo
785740963,10.0,80.0,2022-10-12,chartowo
656622353,65.0,2800.0,2022-10-11,jeżyce
780887392,49.0,2200.0,2022-10-11,sołacz
787507114,34.0,1775.0,2022-10-11,jeżyce
784369834,48.0,2600.0,2022-10-11,szczepankowo
783675245,38.0,2400.0,2022-10-11,rataje
783752893,51.0,2200.0,2022-10-11,piątkowo
787001117,106.8,1280.0,2022-10-11,wilda
787565184,40.0,2500.0,2022-10-11,łazarz
781996257,81.0,935.0,2022-10-11,wilda
786567275,34.0,2300.0,2022-10-11,rataje
787297897,48.0,2500.0,2022-10-11,piątkowo
787754653,36.0,2000.0,2022-10-11,rataje
787736087,44.0,2000.0,2022-10-11,rataje
782768777,45.13,2300.0,2022-10-11,naramowice
786439477,52.1,2500.0,2022-10-11,warszawskie
785893263,32.0,1800.0,2022-10-11,junikowo
786048369,43.0,2300.0,2022-10-11,grunwald
786968571,40.0,1800.0,2022-10-11,górczyn
714079674,58.0,2100.0,2022-10-11,warszawskie
766709966,55.0,2400.0,2022-10-11,winiary
706746591,32.0,1400.0,2022-10-11,winogrady
676019072,30.0,1700.0,2022-10-11,naramowice
774440057,81.33,935.3,2022-10-11,wilda
704752020,48.0,2550.0,2022-10-11,grunwald
786558010,73.0,2700.0,2022-10-11,piątkowo
781173764,58.0,3500.0,2022-10-11,wilda
786225886,47.0,1600.0,2022-10-11,winogrady
778470659,48.0,2400.0,2022-10-11,stare miasto
785509812,53.0,2500.0,2022-10-10,winogrady
780746295,70.0,2900.0,2022-10-10,winogrady
722066262,28.0,1500.0,2022-10-10,junikowo
787721410,38.0,1470.0,2022-10-10,smochowice
785546688,70.0,3200.0,2022-10-10,stare miasto
785510092,47.0,2700.0,2022-10-10,łacina
782776382,38.0,1800.0,2022-10-10,górczyn
773913533,62.0,2000.0,2022-10-10,wilda
779056356,38.0,1750.0,2022-10-10,ogrody
786444393,25.0,1399.0,2022-10-10,chartowo
786496236,48.0,1800.0,2022-10-10,wilda
782953505,39.0,2000.0,2022-10-10,wilda
785586694,38.0,1500.0,2022-10-10,winogrady
782295443,62.3,2500.0,2022-10-10,warszawskie
778059517,50.0,1700.0,2022-10-10,piątkowo
778145329,31.0,2700.0,2022-10-10,łacina
784588013,50.0,2050.0,2022-10-10,rataje
781051653,59.0,2550.0,2022-10-10,piątkowo
780750308,48.0,3000.0,2022-10-10,rataje
700131863,52.0,3200.0,2022-10-10,winogrady
787734312,29.0,1900.0,2022-10-10,stare miasto
646691663,31.0,1800.0,2022-10-10,wilda
757306981,40.0,1800.0,2022-10-10,chartowo
783373579,61.0,2800.0,2022-10-10,chartowo
784697935,58.6,230.0,2022-10-10,chartowo
787547825,48.0,2500.0,2022-10-10,rataje
784818183,50.5,2600.0,2022-10-10,grunwald
780844939,45.0,3200.0,2022-10-10,stare miasto
781168279,52.0,1400.0,2022-10-10,ogrody
780713508,92.0,3500.0,2022-10-10,grunwald
787343171,28.3,1400.0,2022-10-10,grunwald
785073137,40.0,2350.0,2022-10-10,stare miasto
781412843,64.0,1850.0,2022-10-10,piątkowo
786703799,96.0,3850.0,2022-10-10,chartowo
784010818,74.0,2800.0,2022-10-10,piątkowo
711356489,55.0,2500.0,2022-10-10,smochowice
785674779,28.0,1700.0,2022-10-10,jeżyce
784073971,37.5,2300.0,2022-10-10,rataje
783764949,61.0,3199.0,2022-10-10,chartowo
786561999,30.0,1200.0,2022-10-10,jeżyce
786932016,50.0,2500.0,2022-10-10,grunwald
785521923,40.0,2000.0,2022-10-10,winiary
785414063,15.0,2000.0,2022-10-10,stare miasto
780810648,64.0,2600.0,2022-10-10,jeżyce
787718693,32.0,1800.0,2022-10-10,jeżyce
785649904,31.0,1600.0,2022-10-10,naramowice
787512022,15.0,900.0,2022-10-10,grunwald
786615372,38.0,1600.0,2022-10-10,rataje
785622732,41.0,3000.0,2022-10-10,jeżyce
785630837,75.0,2500.0,2022-10-10,górczyn
787511031,46.0,2000.0,2022-10-10,dębiec
784680327,38.0,1800.0,2022-10-09,warszawskie
782297270,65.0,2200.0,2022-10-09,grunwald
718628580,20.0,6000.0,2022-10-09,stare miasto
786785454,32.0,1000.0,2022-10-09,starołęka
780626687,1.0,1600.0,2022-10-09,chartowo
783511639,48.0,2800.0,2022-10-09,stare miasto
781840674,34.0,700.0,2022-10-09,rataje
711272556,48.0,1800.0,2022-10-09,wilda
784020792,32.0,2600.0,2022-10-09,stare miasto
787218790,53.0,2700.0,2022-10-09,grunwald
780601687,100.0,4000.0,2022-10-09,stare miasto
775350935,38.0,2000.0,2022-10-09,winogrady
785484056,57.0,1850.0,2022-10-09,winogrady
772066229,80.0,650.0,2022-10-09,junikowo
785314108,20.0,1650.0,2022-10-09,łacina
787412915,47.0,2300.0,2022-10-09,winiary
787368141,50.0,2300.0,2022-10-09,jeżyce
785398832,40.0,1900.0,2022-10-09,jeżyce
682867521,56.6,2300.0,2022-10-09,jeżyce
784462304,33.0,2300.0,2022-10-09,dębiec
786323012,44.0,800.0,2022-10-09,łazarz
774247031,68.0,5500.0,2022-10-09,stare miasto
783792731,33.0,1899.0,2022-10-09,jeżyce
784230304,54.0,3200.0,2022-10-09,wilda
785958596,42.0,2300.0,2022-10-09,grunwald
694531029,20.0,1500.0,2022-10-09,junikowo
782763400,40.0,3000.0,2022-10-09,rataje
782987298,37.0,2000.0,2022-10-09,winiary
659796357,41.0,2250.0,2022-10-09,stare miasto
785323154,35.0,1800.0,2022-10-09,łazarz
784461817,35.0,2300.0,2022-10-09,piątkowo
785310739,62.0,3250.0,2022-10-09,rataje
749341436,40.42,1900.0,2022-10-08,naramowice
782045895,72.0,2799.0,2022-10-08,łazarz
785066564,36.0,1500.0,2022-10-08,jeżyce
785127027,48.0,2400.0,2022-10-08,winogrady
785195365,27.0,2000.0,2022-10-08,stare miasto
785133608,14.0,800.0,2022-10-08,winogrady
583693909,67.0,3850.0,2022-10-08,stare miasto
785713369,41.1,2600.0,2022-10-08,jeżyce
784086034,40.0,2000.0,2022-10-08,podolany
784996458,32.0,1700.0,2022-10-08,grunwald
768084385,49.0,2600.0,2022-10-08,jeżyce
775080020,18.0,1000.0,2022-10-08,jeżyce
773954353,45.0,4000.0,2022-10-08,dębiec
786469086,38.0,2700.0,2022-10-08,łacina
785114081,48.0,2200.0,2022-10-08,winogrady
766007990,51.49,2850.0,2022-10-08,jeżyce
785043193,15.0,1400.0,2022-10-08,grunwald
777790262,29.0,1700.0,2022-10-08,łazarz
696253207,52.0,2000.0,2022-10-08,stare miasto
780354457,47.9,2650.0,2022-10-08,naramowice
781679478,53.0,2200.0,2022-10-08,grunwald
785153274,30.0,1850.0,2022-10-08,smochowice
783815828,37.0,2300.0,2022-10-08,dębiec
784987523,28.0,1600.0,2022-10-08,wilda
778134110,73.0,3000.0,2022-10-08,rataje
785096517,65.0,3000.0,2022-10-08,łazarz
777088771,37.0,2200.0,2022-10-08,ogrody
730741398,37.0,2200.0,2022-10-08,dębiec
780401179,73.0,3300.0,2022-10-08,łazarz
782494657,65.0,2400.0,2022-10-08,stare miasto
785483667,80.0,2000.0,2022-10-08,naramowice
785127013,48.0,2600.0,2022-10-08,winogrady
780319722,64.0,4500.0,2022-10-08,stare miasto
699662791,60.0,3000.0,2022-10-08,górczyn
785073277,87.0,4000.0,2022-10-08,wilda
778266187,67.0,2400.0,2022-10-07,naramowice
784833496,140.0,6000.0,2022-10-07,łazarz
780149484,40.0,1800.0,2022-10-07,winiary
785865690,25.0,2000.0,2022-10-07,stare miasto
782299598,80.0,1900.0,2022-10-07,naramowice
785834494,46.0,1900.0,2022-10-07,winogrady
787029715,25.0,1300.0,2022-10-07,ogrody
779830493,50.0,3000.0,2022-10-07,warszawskie
784089274,71.0,3100.0,2022-10-07,łazarz
705097235,46.0,1800.0,2022-10-07,winogrady
775723707,29.0,1500.0,2022-10-07,naramowice
784896740,25.0,1549.0,2022-10-07,wilda
784722405,32.0,1100.0,2022-10-07,winogrady
780215475,38.0,2400.0,2022-10-07,rataje
784916348,34.0,2100.0,2022-10-07,piątkowo
783348963,44.0,2900.0,2022-10-07,stare miasto
783240760,39.0,2000.0,2022-10-07,winiary
784899426,80.0,6700.0,2022-10-07,ogrody
780115599,54.0,1800.0,2022-10-07,wilda
780168289,45.0,1900.0,2022-10-07,piątkowo
786027281,52.0,2700.0,2022-10-07,chartowo
781141418,51.0,2200.0,2022-10-07,chartowo
780066688,42.0,3000.0,2022-10-07,wilda
688003247,58.0,2600.0,2022-10-07,wilda
780075151,30.0,1900.0,2022-10-07,komandoria
781386688,66.0,2400.0,2022-10-07,warszawskie
784362643,65.0,3900.0,2022-10-07,podolany
690314097,54.0,2250.0,2022-10-07,piątkowo
784085941,39.5,1450.0,2022-10-07,górczyn
784237141,49.2,1700.0,2022-10-07,piątkowo
785203630,47.0,2000.0,2022-10-07,piątkowo
780079562,49.0,2900.0,2022-10-07,jeżyce
786829004,50.0,1800.0,2022-10-07,naramowice
784857445,29.0,2100.0,2022-10-07,komandoria
780152494,56.8,4000.0,2022-10-07,naramowice
777222673,60.0,2900.0,2022-10-07,chartowo
785274088,65.0,2000.0,2022-10-06,piątkowo
785961838,64.0,3200.0,2022-10-06,naramowice
673986230,38.0,1800.0,2022-10-06,śródka
702981511,49.0,2000.0,2022-10-06,rataje
784965586,42.0,2500.0,2022-10-06,rataje
785483290,56.9,2600.0,2022-10-06,wilda
784776404,40.0,2300.0,2022-10-06,rataje
784767838,40.8,2000.0,2022-10-06,naramowice
592285047,52.0,6000.0,2022-10-06,stare miasto
784593650,44.0,2200.0,2022-10-06,naramowice
786555613,50.0,2500.0,2022-10-06,grunwald
626102897,44.4,2000.0,2022-10-06,wilda
779996472,40.0,3000.0,2022-10-06,naramowice
786345370,40.0,2400.0,2022-10-06,jeżyce
784644765,63.0,1300.0,2022-10-06,piątkowo
786810688,38.0,2000.0,2022-10-06,rataje
785192231,25.0,1300.0,2022-10-06,winogrady
784662129,63.0,2200.0,2022-10-06,piątkowo
784695962,57.0,1800.0,2022-10-06,winogrady
779935990,40.0,2300.0,2022-10-06,winogrady
668292449,44.0,2300.0,2022-10-06,śródka
784612725,30.0,2000.0,2022-10-06,stare miasto
666857472,26.0,1500.0,2022-10-06,wilda
785261234,25.0,1500.0,2022-10-06,wilda
785697129,83.0,2900.0,2022-10-06,rataje
784621333,62.0,1600.0,2022-10-06,wilda
763238177,42.0,2400.0,2022-10-06,piątkowo
780464336,63.0,2400.0,2022-10-06,piątkowo
726550539,38.0,1300.0,2022-10-06,rataje
786493983,49.0,1800.0,2022-10-06,piątkowo
779994542,30.0,1900.0,2022-10-06,wilda
780607050,25.0,1600.0,2022-10-05,grunwald
784429576,32.2,1500.0,2022-10-05,piątkowo
758201418,24.0,1650.0,2022-10-05,jeżyce
781784012,36.0,2200.0,2022-10-05,rataje
780027354,42.0,2700.0,2022-10-05,rataje
785907321,16.0,763.0,2022-10-05,winogrady
784953081,44.0,2800.0,2022-10-05,łacina
779632445,43.0,3000.0,2022-10-05,stare miasto
784475826,41.0,1950.0,2022-10-05,stare miasto
739074330,44.0,1500.0,2022-10-05,dębiec
781523230,60.0,2600.0,2022-10-05,piątkowo
693011553,83.0,3600.0,2022-10-05,łacina
785689342,40.0,2000.0,2022-10-05,łazarz
786089416,33.0,2150.0,2022-10-05,piątkowo
786559808,28.0,1500.0,2022-10-05,górczyn
785904905,35.0,2500.0,2022-10-05,jeżyce
784496143,22.0,1600.0,2022-10-05,stare miasto
784459852,25.0,800.0,2022-10-05,górczyn
785385283,54.0,2000.0,2022-10-05,wilda
781019433,60.0,2500.0,2022-10-05,piątkowo
702987106,48.0,2500.0,2022-10-05,jeżyce
703321692,25.0,2100.0,2022-10-05,górczyn
751185151,42.55,2400.0,2022-10-05,piątkowo
783916755,49.0,1800.0,2022-10-05,jeżyce
785009637,28.0,1800.0,2022-10-05,komandoria
778771143,46.0,2000.0,2022-10-05,stare miasto
779661259,50.0,2500.0,2022-10-05,stare miasto
784713692,56.0,2500.0,2022-10-05,winogrady
785674895,33.0,2250.0,2022-10-05,podolany
621091574,40.0,1800.0,2022-10-05,grunwald
776407319,16.0,900.0,2022-10-05,grunwald
785769047,61.0,2500.0,2022-10-05,wilda
785649729,52.0,2000.0,2022-10-05,winiary
783288305,50.26,2000.0,2022-10-05,grunwald
786503036,33.0,2170.0,2022-10-05,podolany
785149308,46.0,2350.0,2022-10-05,dębiec
781821429,65.0,3100.0,2022-10-05,stare miasto
782644263,40.0,2700.0,2022-10-05,górczyn
638503774,35.0,2400.0,2022-10-05,wilda
783366884,48.5,2500.0,2022-10-03,górczyn
784766940,33.0,2000.0,2022-10-03,stare miasto
778577165,50.0,2400.0,2022-10-03,naramowice
783746836,58.23,2850.0,2022-10-03,grunwald
785414297,37.0,2100.0,2022-10-03,rataje
780314870,49.0,2000.0,2022-10-03,piątkowo
779309823,15.0,1400.0,2022-10-03,starołęka
779113256,54.0,1890.0,2022-10-03,łazarz
780626025,38.0,2350.0,2022-10-03,piątkowo
785429913,62.0,1900.0,2022-10-03,rataje
784399270,47.0,2700.0,2022-10-03,winogrady
779403827,40.0,2300.0,2022-10-03,winogrady
784087346,37.0,2350.0,2022-10-03,wilda
776235610,47.28,2550.0,2022-10-03,naramowice
785657988,38.0,1800.0,2022-10-03,grunwald
782086803,49.0,2750.0,2022-10-03,wilda
328874640,42.0,2300.0,2022-10-03,smochowice
783813959,50.0,2000.0,2022-10-03,wilda
641599005,47.0,2300.0,2022-10-03,chartowo
784119410,75.0,2600.0,2022-10-03,komandoria
779523709,40.0,2700.0,2022-10-03,stare miasto
779506637,40.0,2300.0,2022-10-03,winogrady
785928620,48.0,2200.0,2022-10-03,stare miasto
748677413,63.0,3300.0,2022-10-03,jeżyce
694854127,54.0,2200.0,2022-10-03,podolany
779626915,29.55,2200.0,2022-10-03,komandoria
688681500,51.0,2600.0,2022-10-03,grunwald
779633225,56.0,2500.0,2022-10-03,sołacz
656647964,36.0,2400.0,2022-10-03,grunwald
785445910,41.0,2000.0,2022-10-03,naramowice
773186265,61.0,2750.0,2022-10-03,junikowo
782157839,35.0,2700.0,2022-10-03,rataje
785011224,73.0,2500.0,2022-10-03,piątkowo
689041298,83.0,3600.0,2022-10-03,rataje
785327256,48.0,2300.0,2022-10-03,piątkowo
783859406,51.0,2900.0,2022-10-03,wilda
783467955,40.0,1400.0,2022-10-03,chartowo
781206044,35.26,2590.0,2022-10-03,łacina
786000552,62.0,1680.0,2022-10-03,grunwald
774632360,35.0,2390.0,2022-10-03,stare miasto
779932907,54.0,2300.0,2022-10-03,chartowo
783910833,54.0,250.0,2022-10-03,dębiec
772298525,34.0,2300.0,2022-10-03,grunwald
764463144,48.0,1400.0,2022-10-03,starołęka
630368830,21.0,1600.0,2022-10-03,grunwald
781866503,47.0,3000.0,2022-10-03,grunwald
739818974,33.0,1850.0,2022-10-03,jeżyce
709104786,50.0,2000.0,2022-10-03,grunwald
783967298,45.0,2800.0,2022-10-03,rataje
688205202,49.0,1750.0,2022-10-03,wilda
785236997,57.0,3000.0,2022-10-03,łacina
780169745,53.0,2400.0,2022-10-03,chartowo
785202932,50.0,2000.0,2022-10-03,grunwald
760931010,21.8,471.26,2022-10-03,naramowice
785896294,40.0,2200.0,2022-10-03,wilda
783832577,32.0,2000.0,2022-10-03,naramowice
775626044,49.0,2000.0,2022-10-03,łacina
785222036,48.0,2200.0,2022-10-03,grunwald
785870230,38.0,2000.0,2022-10-03,górczyn
776853305,39.0,2300.0,2022-10-03,wilda
779211837,45.0,2400.0,2022-10-03,stare miasto
783361805,73.0,2700.0,2022-10-03,piątkowo
784676938,45.0,2500.0,2022-10-03,jeżyce
783622370,38.0,2200.0,2022-10-03,winogrady
783811753,47.0,1200.0,2022-10-03,stare miasto
779218247,46.5,3100.0,2022-10-03,łazarz
785443818,48.0,2000.0,2022-10-03,winogrady
784237748,62.0,2300.0,2022-10-03,piątkowo
785357518,17.0,1600.0,2022-10-03,stare miasto
676976590,42.0,1980.0,2022-10-03,górczyn
785679068,37.0,2200.0,2022-10-03,rataje
786057913,25.0,1200.0,2022-10-03,rataje
783913892,28.0,1850.0,2022-10-03,łacina
784447471,42.0,2800.0,2022-10-03,łacina
687050510,43.0,1750.0,2022-10-03,grunwald
782121090,46.0,2200.0,2022-10-03,podolany
784451776,32.0,1800.0,2022-10-02,stare miasto
785214543,50.0,2300.0,2022-10-02,stare miasto
785629939,55.0,2400.0,2022-10-02,wilda
784429942,58.0,2500.0,2022-10-02,górczyn
703946824,38.0,2100.0,2022-10-02,grunwald
785597749,47.7,1600.0,2022-10-02,winiary
783555626,29.0,2000.0,2022-10-02,łazarz
778959676,80.0,2750.0,2022-10-02,jeżyce
783648446,40.3,3000.0,2022-10-02,jeżyce
783593874,53.0,2490.0,2022-10-02,stare miasto
784957293,47.0,1800.0,2022-10-02,rataje
783590915,45.0,2800.0,2022-10-02,stare miasto
785356646,33.0,1200.0,2022-10-02,junikowo
784957602,36.0,2000.0,2022-10-02,ogrody
783081992,32.0,2250.0,2022-10-02,piątkowo
784954189,47.0,2500.0,2022-10-02,ławica
785492664,20.0,1500.0,2022-10-02,stare miasto
782019247,18.0,1600.0,2022-10-02,rataje
781597206,27.0,1900.0,2022-10-02,naramowice
765768762,38.9,2330.0,2022-10-02,jeżyce
691841835,42.0,3200.0,2022-10-02,jeżyce
700150378,44.0,1400.0,2022-10-02,jeżyce
783551527,40.0,2000.0,2022-10-02,sołacz
696846498,63.0,3000.0,2022-10-02,stare miasto
784274345,70.0,3200.0,2022-10-02,chartowo
780254053,45.0,2600.0,2022-10-02,grunwald
782734392,50.0,2300.0,2022-10-02,naramowice
783563393,20.0,1790.0,2022-10-02,stare miasto
785758853,59.0,2000.0,2022-10-02,grunwald
762140689,63.0,3200.0,2022-10-02,chartowo
692259655,47.0,2000.0,2022-10-02,winogrady
784492845,35.0,1850.0,2022-10-02,wilda
782324710,38.0,1900.0,2022-10-02,łazarz
785671425,32.0,1500.0,2022-10-02,stare miasto
783610573,25.4,1650.0,2022-10-02,łazarz
625951371,37.6,2299.0,2022-10-02,rataje
785841529,34.0,1600.0,2022-10-02,piątkowo
781854630,45.0,2700.0,2022-10-01,stare miasto
776563853,105.0,8000.0,2022-10-01,komandoria
779674375,38.0,2200.0,2022-10-01,rataje
782342617,45.5,1700.0,2022-10-01,grunwald
785653374,30.0,1400.0,2022-10-01,piątkowo
783441533,68.0,3100.0,2022-10-01,stare miasto
784522942,55.0,1600.0,2022-10-01,stare miasto
772410228,58.0,3500.0,2022-10-01,łazarz
735237179,30.0,2000.0,2022-10-01,stare miasto
784465560,38.0,2200.0,2022-10-01,jeżyce
785176283,36.0,2300.0,2022-10-01,wilda
785329621,44.0,2100.0,2022-10-01,jeżyce
783259784,48.0,1900.0,2022-10-01,piątkowo
784955272,76.0,5000.0,2022-10-01,piątkowo
778732504,46.0,1900.0,2022-10-01,łazarz
775552509,50.0,1400.0,2022-10-01,ławica
620497346,47.0,2000.0,2022-10-01,piątkowo
720414116,43.0,2100.0,2022-10-01,naramowice
782408743,43.07,2000.0,2022-10-01,jeżyce
785046193,43.0,2600.0,2022-10-01,jeżyce
784485514,38.0,2300.0,2022-10-01,winogrady
785600962,45.0,2000.0,2022-10-01,naramowice
785483402,37.0,2000.0,2022-10-01,jeżyce
778066678,45.0,2000.0,2022-10-01,stare miasto
781582079,53.0,1900.0,2022-10-01,winogrady
784784965,83.0,2900.0,2022-10-01,rataje
784051999,65.0,2400.0,2022-10-01,łacina
727730611,60.0,2400.0,2022-10-01,jeżyce
783351685,34.0,1700.0,2022-10-01,naramowice
778814892,47.0,2000.0,2022-10-01,piątkowo
783364234,42.0,2000.0,2022-10-01,chartowo
782675260,56.0,3000.0,2022-10-01,winogrady
704822770,60.0,2300.0,2022-10-01,stare miasto
778846604,36.0,1800.0,2022-10-01,winiary
745924865,12.0,1000.0,2022-10-01,piątkowo
702415132,39.0,1800.0,2022-10-01,dębiec
778881084,65.0,2700.0,2022-10-01,piątkowo
785608780,32.0,1000.0,2022-10-01,grunwald
784883246,55.0,3100.0,2022-10-01,jeżyce
717834607,50.0,2200.0,2022-10-01,łazarz
777243224,50.6,2200.0,2022-10-01,dębiec
785195283,18.0,900.0,2022-10-01,winogrady
783471579,10.0,400.0,2022-10-01,stare miasto
784936913,40.0,3000.0,2022-10-01,rataje
785438385,38.0,2500.0,2022-10-01,łacina
783356776,40.0,2500.0,2022-10-01,rataje
748531998,40.0,1800.0,2022-10-01,jeżyce
785030203,60.0,2200.0,2022-10-01,naramowice
781781546,77.0,2900.0,2022-10-01,rataje
783362705,57.0,1200.0,2022-10-01,jeżyce
701936573,48.0,2200.0,2022-09-30,jeżyce
780409347,25.0,2400.0,2022-09-30,jeżyce
779741922,49.0,2500.0,2022-09-30,rataje
782045833,44.0,2350.0,2022-09-30,stare miasto
784287833,61.0,3300.0,2022-09-30,naramowice
783774440,40.0,2400.0,2022-09-30,grunwald
778649964,45.0,2000.0,2022-09-30,rataje
630549743,45.0,1950.0,2022-09-30,łazarz
783100212,47.0,2200.0,2022-09-30,winogrady
694245538,45.0,2500.0,2022-09-30,górczyn
784438051,45.0,2200.0,2022-09-30,dębiec
771428616,38.0,2600.0,2022-09-30,grunwald
778788612,79.0,3600.0,2022-09-30,stare miasto
784510384,45.0,1800.0,2022-09-30,górczyn
784716099,33.0,1499.0,2022-09-30,śródka
781495786,55.0,3199.0,2022-09-30,łacina
701366077,49.0,1900.0,2022-09-30,winogrady
783344570,47.0,1800.0,2022-09-30,winiary
783228219,56.0,2400.0,2022-09-30,komandoria
631909105,44.0,2100.0,2022-09-30,chartowo
784768157,38.0,2500.0,2022-09-30,rataje
784242682,39.0,2100.0,2022-09-30,rataje
697582626,53.0,5999.0,2022-09-30,piątkowo
785410934,60.0,2100.0,2022-09-30,starołęka
783392708,29.0,1800.0,2022-09-30,jeżyce
784595513,120.0,3300.0,2022-09-30,stare miasto
784039885,45.0,2100.0,2022-09-30,piątkowo
784869513,65.0,2300.0,2022-09-30,stare miasto
784558903,54.0,2200.0,2022-09-30,łacina
779160525,30.0,2100.0,2022-09-30,jeżyce
655124901,39.9,2000.0,2022-09-30,podolany
785242632,38.0,2000.0,2022-09-30,jeżyce
782036227,67.0,2950.0,2022-09-30,warszawskie
700285031,74.0,2700.0,2022-09-30,piątkowo
779796701,42.0,2200.0,2022-09-30,grunwald
783480388,24.0,1000.0,2022-09-30,łazarz
784036316,33.0,2500.0,2022-09-29,jeżyce
784715767,45.0,2300.0,2022-09-29,winogrady
687545793,42.0,2000.0,2022-09-29,piątkowo
755875918,55.0,2300.0,2022-09-29,stare miasto
785002579,37.0,1500.0,2022-09-29,winiary
748879400,40.0,2300.0,2022-09-29,naramowice
706586506,48.0,2900.0,2022-09-29,dębiec
730640131,55.0,2700.0,2022-09-29,stare miasto
783497601,53.0,2000.0,2022-09-29,grunwald
782779507,50.0,2200.0,2022-09-29,stare miasto
778419454,63.5,2400.0,2022-09-29,piątkowo
782971783,32.0,2250.0,2022-09-29,stare miasto
783004134,32.0,2350.0,2022-09-29,piątkowo
783044460,40.0,2100.0,2022-09-29,podolany
783643236,54.0,1000.0,2022-09-29,górczyn
783025212,36.0,2200.0,2022-09-29,rataje
778298721,36.0,2500.0,2022-09-29,rataje
783068244,30.0,2000.0,2022-09-29,winogrady
781677932,50.0,2800.0,2022-09-29,grunwald
761308169,20.0,1500.0,2022-09-29,górczyn
784741536,48.5,2300.0,2022-09-29,chartowo
718031536,50.0,2300.0,2022-09-29,piątkowo
783144165,64.0,4000.0,2022-09-29,dębiec
639022505,50.0,2200.0,2022-09-29,stare miasto
757566471,40.0,1200.0,2022-09-29,naramowice
781985064,70.0,1.0,2022-09-29,wilda
782822678,46.0,2200.0,2022-09-29,dębiec
781241882,76.0,2590.0,2022-09-29,sołacz
784956660,54.0,2200.0,2022-09-29,łazarz
783738204,75.0,4200.0,2022-09-29,wilda
753839467,47.0,2500.0,2022-09-29,naramowice
784720686,35.0,1700.0,2022-09-29,winogrady
784774530,38.0,1900.0,2022-09-29,winogrady
784633436,41.6,1800.0,2022-09-29,stare miasto
783090317,32.0,2600.0,2022-09-29,jeżyce
713688321,24.0,2000.0,2022-09-29,stare miasto
655325930,35.0,1600.0,2022-09-29,grunwald
782982642,142.63,10000.0,2022-09-29,grunwald
784287922,27.0,1800.0,2022-09-29,winogrady
783099157,62.4,2500.0,2022-09-29,piątkowo
778372224,30.0,2300.0,2022-09-29,grunwald
782011657,65.0,2000.0,2022-09-29,piątkowo
782907283,50.0,2000.0,2022-09-29,winiary
754725327,25.0,1700.0,2022-09-29,piątkowo
783043425,33.0,2000.0,2022-09-29,warszawskie
778736183,45.0,2900.0,2022-09-29,starołęka
781857595,32.0,2200.0,2022-09-29,podolany
784777863,48.0,2700.0,2022-09-29,łacina
784548622,43.5,2400.0,2022-09-29,rataje
785021770,52.0,3000.0,2022-09-29,jeżyce
782995920,26.0,2000.0,2022-09-29,stare miasto
780843282,80.0,2700.0,2022-09-29,winiary
774649328,20.0,2040.0,2022-09-28,stare miasto
784673552,37.0,1900.0,2022-09-28,naramowice
781269456,22.0,1800.0,2022-09-28,stare miasto
782998221,49.0,2000.0,2022-09-28,piątkowo
783832153,55.0,2500.0,2022-09-28,winogrady
776730795,37.5,2200.0,2022-09-28,ogrody
783164034,46.0,2700.0,2022-09-28,rataje
703839533,38.0,1900.0,2022-09-28,dębiec
784531407,43.0,500.0,2022-09-28,jeżyce
784723217,65.0,2900.0,2022-09-28,winogrady
782811740,40.0,1700.0,2022-09-28,stare miasto
782737382,50.0,2300.0,2022-09-28,naramowice
784457877,46.0,1850.0,2022-09-28,stare miasto
783552796,45.0,1500.0,2022-09-28,naramowice
784342844,42.0,2700.0,2022-09-28,rataje
782998245,51.0,2000.0,2022-09-28,piątkowo
780753566,55.0,2500.0,2022-09-28,wilda
664422042,38.0,2000.0,2022-09-28,rataje
783418962,35.95,2350.0,2022-09-28,jeżyce
784242178,54.25,3600.0,2022-09-28,łacina
745026020,74.0,4000.0,2022-09-28,grunwald
778038130,46.0,2800.0,2022-09-28,stare miasto
783320477,33.0,1900.0,2022-09-28,jeżyce
705640544,34.0,2000.0,2022-09-28,dębiec
782536032,65.0,3000.0,2022-09-28,dębiec
783425644,39.0,2600.0,2022-09-28,ogrody
784807525,38.0,1200.0,2022-09-28,winogrady
782751712,15.0,1500.0,2022-09-28,chartowo
783540390,32.0,2500.0,2022-09-28,łazarz
781613893,74.0,2600.0,2022-09-28,śródka
779018741,43.0,2300.0,2022-09-28,junikowo
784509963,45.0,2000.0,2022-09-28,piątkowo
702814540,65.0,2700.0,2022-09-28,grunwald
779784838,74.0,2000.0,2022-09-28,śródka
782810212,38.0,1800.0,2022-09-28,ogrody
693847272,44.0,2200.0,2022-09-28,wilda
766084247,43.0,2600.0,2022-09-28,ogrody
784553685,40.0,1700.0,2022-09-28,łazarz
778156070,37.0,2200.0,2022-09-28,rataje
783653378,48.1,2500.0,2022-09-28,warszawskie
784952283,36.0,1650.0,2022-09-28,wilda
781436907,48.0,3000.0,2022-09-28,warszawskie
784870253,30.0,1750.0,2022-09-28,sołacz
783177719,45.0,1900.0,2022-09-28,wilda
783702500,58.0,2400.0,2022-09-28,rataje
783568085,28.0,1700.0,2022-09-28,stare miasto
703889645,48.0,1900.0,2022-09-28,stare miasto
784908118,39.0,2100.0,2022-09-28,wilda
784965235,31.0,1800.0,2022-09-28,grunwald
782787353,13.0,800.0,2022-09-28,łazarz
780249507,58.0,3500.0,2022-09-28,ogrody
706772835,38.0,2500.0,2022-09-28,winogrady
780515718,27.0,1500.0,2022-09-28,stare miasto
779529050,60.0,2100.0,2022-09-28,piątkowo
741101675,26.2,2000.0,2022-09-28,jeżyce
784925476,38.2,1000.0,2022-09-28,winogrady
784897599,40.0,1800.0,2022-09-28,ławica
705071779,37.0,1800.0,2022-09-28,rataje
695347342,57.0,2900.0,2022-09-28,wilda
688388933,47.0,2200.0,2022-09-28,sołacz
782674923,48.0,2300.0,2022-09-27,rataje
781906963,60.0,2200.0,2022-09-27,wilda
782519339,32.0,1900.0,2022-09-27,łacina
780269580,45.0,1800.0,2022-09-27,grunwald
731854642,44.0,2500.0,2022-09-27,grunwald
777948669,52.0,2600.0,2022-09-27,stare miasto
782462891,70.0,6200.0,2022-09-27,stare miasto
777955927,36.0,2500.0,2022-09-27,rataje
778558956,43.0,2500.0,2022-09-27,winogrady
784137780,56.0,2000.0,2022-09-27,piątkowo
784599484,47.0,2700.0,2022-09-27,stare miasto
782561666,40.0,2800.0,2022-09-27,rataje
782865962,48.0,2600.0,2022-09-27,rataje
784228964,40.0,1500.0,2022-09-27,rataje
784182824,46.0,1800.0,2022-09-27,winogrady
781256578,42.0,2400.0,2022-09-27,grunwald
783713726,49.5,2300.0,2022-09-27,piątkowo
782644715,22.0,1600.0,2022-09-27,łazarz
671400998,54.0,3500.0,2022-09-27,wilda
784579673,48.0,2800.0,2022-09-27,rataje
783413650,36.0,2200.0,2022-09-27,wilda
779569112,32.0,2100.0,2022-09-27,wilda
777959159,38.5,2750.0,2022-09-27,rataje
784247352,46.0,2200.0,2022-09-27,rataje
777901509,75.0,4300.0,2022-09-27,strzeszyn
777908063,44.0,2500.0,2022-09-27,rataje
733339231,41.0,2500.0,2022-09-27,łacina
767152674,70.0,7000.0,2022-09-27,jeżyce
778208342,37.0,1300.0,2022-09-27,warszawskie
775318161,50.0,2500.0,2022-09-27,grunwald
783775626,35.0,2300.0,2022-09-27,rataje
783112051,39.0,2600.0,2022-09-27,łazarz
783288192,41.0,2600.0,2022-09-27,wilda
780264156,77.5,1300.0,2022-09-27,stare miasto
778529880,47.0,2300.0,2022-09-27,winogrady
777806404,60.0,2400.0,2022-09-27,wilda
783151018,33.0,1600.0,2022-09-27,sołacz
781613672,36.0,3000.0,2022-09-27,rataje
768055339,49.0,2500.0,2022-09-27,komandoria
780859079,65.0,2300.0,2022-09-27,naramowice
778916542,55.0,3000.0,2022-09-27,wilda
784259923,37.0,1800.0,2022-09-27,dębiec
693674199,25.0,400.0,2022-09-27,grunwald
784116900,32.0,1500.0,2022-09-27,stare miasto
779428039,28.0,1800.0,2022-09-27,naramowice
782797545,54.0,3000.0,2022-09-27,grunwald
767955333,40.0,2650.0,2022-09-27,rataje
775892248,48.0,2200.0,2022-09-27,naramowice
782476054,130.0,4200.0,2022-09-27,stare miasto
783821319,50.1,2800.0,2022-09-27,grunwald
778601277,63.0,2800.0,2022-09-27,jeżyce
784603923,48.0,2500.0,2022-09-27,stare miasto
679700509,20.0,550.0,2022-09-27,grunwald
776812614,66.5,1800.0,2022-09-27,starołęka
779398095,120.0,9999.0,2022-09-27,stare miasto
706083265,26.0,1500.0,2022-09-27,komandoria
653929692,51.0,3000.0,2022-09-26,grunwald
654980933,35.0,2500.0,2022-09-26,stare miasto
782201410,30.0,2000.0,2022-09-26,jeżyce
778862108,81.0,1300.0,2022-09-26,wilda
777736102,77.0,4200.0,2022-09-26,wilda
783679478,30.0,2300.0,2022-09-26,komandoria
782260763,45.0,1800.0,2022-09-26,grunwald
783828013,63.0,2700.0,2022-09-26,piątkowo
782487591,52.0,2300.0,2022-09-26,jeżyce
660790155,44.0,2400.0,2022-09-26,rataje
782117413,33.0,2500.0,2022-09-26,jeżyce
778194428,71.03,3600.0,2022-09-26,jeżyce
777744815,39.0,2900.0,2022-09-26,grunwald
784473706,63.3,4000.0,2022-09-26,piątkowo
774114709,58.0,2500.0,2022-09-26,górczyn
783219932,90.0,3000.0,2022-09-26,warszawskie
782081091,48.0,2300.0,2022-09-26,rataje
686190735,35.0,2000.0,2022-09-26,stare miasto
782249363,34.0,2200.0,2022-09-26,winiary
699809071,55.0,950.0,2022-09-26,grunwald
784245089,50.0,2500.0,2022-09-26,starołęka
783696745,60.0,2290.0,2022-09-26,piątkowo
783362233,33.0,2500.0,2022-09-26,rataje
784046112,47.0,2300.0,2022-09-26,grunwald
768449412,105.0,7900.0,2022-09-26,stare miasto
784073786,48.0,2400.0,2022-09-26,winogrady
630606259,40.0,1400.0,2022-09-26,piątkowo
782132330,40.0,1200.0,2022-09-26,jeżyce
783865477,48.0,1200.0,2022-09-26,jeżyce
700999728,60.0,2499.0,2022-09-26,piątkowo
784221738,35.6,2100.0,2022-09-26,jeżyce
655398139,60.0,2800.0,2022-09-26,grunwald
783694387,41.0,2900.0,2022-09-26,rataje
687366900,25.0,2000.0,2022-09-26,wilda
782213939,26.0,1500.0,2022-09-26,łazarz
771584264,53.0,2200.0,2022-09-26,warszawskie
782181004,25.0,1600.0,2022-09-26,łazarz
782209450,31.0,1600.0,2022-09-26,grunwald
632065132,42.0,3000.0,2022-09-26,stare miasto
784090516,66.0,3300.0,2022-09-26,wilda
782182655,28.0,1800.0,2022-09-26,łazarz
783876501,59.0,3500.0,2022-09-26,łacina
751473814,32.1,2500.0,2022-09-26,jeżyce
781914902,43.0,2100.0,2022-09-26,grunwald
780770955,50.0,2400.0,2022-09-25,naramowice
781978941,57.0,2300.0,2022-09-25,piątkowo
762647241,42.0,2200.0,2022-09-25,jeżyce
783908674,56.0,2390.0,2022-09-25,górczyn
781900163,46.3,2300.0,2022-09-25,łacina
712307618,42.0,2800.0,2022-09-25,jeżyce
653243565,30.0,1900.0,2022-09-25,wilda
689644031,50.0,2400.0,2022-09-25,stare miasto
783194689,22.0,1700.0,2022-09-25,sołacz
784193023,38.0,2000.0,2022-09-25,rataje
646793935,60.0,2500.0,2022-09-25,piątkowo
784176111,40.0,2300.0,2022-09-25,winogrady
739399963,57.0,2700.0,2022-09-25,wilda
701098681,41.0,2100.0,2022-09-25,komandoria
739033510,48.0,2800.0,2022-09-25,chartowo
784028078,12.0,1400.0,2022-09-25,sołacz
781886925,35.0,1700.0,2022-09-25,grunwald
772531795,65.0,2200.0,2022-09-25,łazarz
685643766,35.0,2500.0,2022-09-25,rataje
781829023,32.0,2000.0,2022-09-25,stare miasto
783807747,32.0,2200.0,2022-09-25,podolany
783847474,38.0,1800.0,2022-09-25,rataje
778477303,41.0,2500.0,2022-09-25,winogrady
777534659,40.0,3000.0,2022-09-25,ogrody
780475110,28.0,1700.0,2022-09-25,grunwald
784223300,33.0,1500.0,2022-09-25,łazarz
777589428,38.0,1900.0,2022-09-25,grunwald
784236822,62.0,2300.0,2022-09-25,piątkowo
783822785,18.0,600.0,2022-09-25,grunwald
778362268,47.27,2400.0,2022-09-25,jeżyce
771087808,64.0,2500.0,2022-09-25,komandoria
731733763,30.0,1700.0,2022-09-25,piątkowo
775059852,45.0,2500.0,2022-09-25,chartowo
783207004,32.0,1699.0,2022-09-25,winiary
784012644,52.0,2250.0,2022-09-25,grunwald
656724770,39.0,1800.0,2022-09-25,rataje
691724420,45.0,2400.0,2022-09-25,jeżyce
781981599,25.0,1700.0,2022-09-25,rataje
778500594,48.0,2500.0,2022-09-25,chartowo
772012000,58.0,2500.0,2022-09-25,górczyn
778060601,42.5,2450.0,2022-09-24,naramowice
782046501,70.0,2400.0,2022-09-24,grunwald
781879562,52.3,3300.0,2022-09-24,wilda
783361676,40.0,1600.0,2022-09-24,smochowice
778613316,53.5,3000.0,2022-09-24,chartowo
782473990,45.0,1950.0,2022-09-24,wilda
782516699,47.0,2500.0,2022-09-24,rataje
782162627,38.0,2000.0,2022-09-24,podolany
783763955,65.0,2500.0,2022-09-24,winogrady
783613609,35.0,2100.0,2022-09-24,piątkowo
783559005,37.0,1500.0,2022-09-24,jeżyce
783335817,65.0,2400.0,2022-09-24,stare miasto
783981040,54.0,2600.0,2022-09-24,grunwald
782557614,64.0,3000.0,2022-09-24,winogrady
781819337,62.0,3350.0,2022-09-24,rataje
781166129,43.0,3000.0,2022-09-24,chartowo
783594368,53.5,2300.0,2022-09-24,chartowo
694266725,53.0,2300.0,2022-09-24,wilda
630130489,31.0,1600.0,2022-09-24,piątkowo
783567932,48.0,1600.0,2022-09-24,stare miasto
784026151,30.0,1200.0,2022-09-24,sołacz
713768038,30.0,1800.0,2022-09-24,szczepankowo
760091994,24.65,1830.0,2022-09-24,jeżyce
781890087,30.0,1900.0,2022-09-24,rataje
781896391,72.0,1350.0,2022-09-24,grunwald
766892234,69.8,1100.0,2022-09-23,stare miasto
673064017,43.0,2300.0,2022-09-23,łazarz
777184291,52.0,2900.0,2022-09-23,grunwald
781117777,45.0,1950.0,2022-09-23,grunwald
782116012,46.0,2200.0,2022-09-23,grunwald
736775200,26.0,1900.0,2022-09-23,grunwald
783845476,48.0,2300.0,2022-09-23,winogrady
781653589,18.0,1400.0,2022-09-23,stare miasto
781748264,55.0,2100.0,2022-09-23,piątkowo
781687297,60.0,5000.0,2022-09-23,łazarz
689546942,53.0,2500.0,2022-09-23,chartowo
779313505,74.0,2399.0,2022-09-23,piątkowo
781660253,70.0,2600.0,2022-09-23,jeżyce
782636481,27.0,2300.0,2022-09-23,stare miasto
661606085,40.0,2200.0,2022-09-23,jeżyce
781621519,40.0,2500.0,2022-09-23,winogrady
779314127,63.0,1670.0,2022-09-23,piątkowo
778592454,136.0,6000.0,2022-09-23,łazarz
783674705,48.0,2300.0,2022-09-23,dębiec
783456511,56.0,2500.0,2022-09-23,grunwald
781633588,51.0,2200.0,2022-09-23,podolany
675531037,45.0,1790.0,2022-09-23,łazarz
779822018,52.0,2400.0,2022-09-23,naramowice
777079554,60.0,3000.0,2022-09-23,ogrody
781601909,16.98,1500.0,2022-09-23,winiary
777118249,42.0,2500.0,2022-09-23,jeżyce
777176569,57.0,3500.0,2022-09-23,grunwald
780185599,63.0,2800.0,2022-09-23,grunwald
783174916,58.61,2600.0,2022-09-23,łazarz
783196130,41.0,2500.0,2022-09-23,naramowice
783734863,38.0,1882.0,2022-09-23,rataje
779110781,45.0,1790.0,2022-09-23,łazarz
778531263,76.0,2600.0,2022-09-23,łazarz
778691770,42.0,2450.0,2022-09-23,grunwald
776848294,35.0,1700.0,2022-09-22,grunwald
781411469,40.0,2200.0,2022-09-22,winogrady
782012193,39.5,1700.0,2022-09-22,warszawskie
781411625,41.0,1900.0,2022-09-22,junikowo
783194038,47.0,2100.0,2022-09-22,ogrody
781117488,49.5,2400.0,2022-09-22,grunwald
783191706,64.0,2000.0,2022-09-22,starołęka
782055043,47.0,2500.0,2022-09-22,grunwald
704275261,80.0,2200.0,2022-09-22,jeżyce
782617143,40.0,1200.0,2022-09-22,stare miasto
779038232,55.0,2100.0,2022-09-22,piątkowo
783232097,31.0,1750.0,2022-09-22,grunwald
783101911,40.0,2500.0,2022-09-22,rataje
783228542,56.0,2400.0,2022-09-22,komandoria
777268279,17.0,800.0,2022-09-22,piątkowo
778422465,30.0,2500.0,2022-09-22,łacina
781355965,54.0,2300.0,2022-09-22,wilda
781496407,30.0,1500.0,2022-09-22,rataje
781440318,26.0,1600.0,2022-09-22,grunwald
783363513,49.0,2400.0,2022-09-22,podolany
781442369,22.0,1600.0,2022-09-22,grunwald
782866756,53.0,2000.0,2022-09-22,wilda
783358135,40.0,2200.0,2022-09-22,rataje
783614034,58.0,2700.0,2022-09-22,chartowo
650648682,40.0,2100.0,2022-09-22,jeżyce
781423262,30.0,1750.0,2022-09-22,sołacz
781266219,27.0,1700.0,2022-09-22,grunwald
783583136,41.0,2200.0,2022-09-22,rataje
781772894,50.0,2650.0,2022-09-22,łazarz
781394708,45.5,2000.0,2022-09-22,piątkowo
765460537,65.0,4000.0,2022-09-22,łazarz
781407090,30.0,1800.0,2022-09-22,podolany
779415726,35.0,2200.0,2022-09-22,stare miasto
781454190,26.0,1700.0,2022-09-22,sołacz
781131183,48.0,1800.0,2022-09-22,winogrady
783107750,44.0,2300.0,2022-09-22,rataje
782538846,49.0,2600.0,2022-09-22,grunwald
686161324,25.0,2100.0,2022-09-22,łazarz
781106992,51.0,2200.0,2022-09-22,warszawskie
780250324,57.0,2500.0,2022-09-22,jeżyce
781468958,40.0,2000.0,2022-09-22,łazarz
719997861,30.0,1500.0,2022-09-22,sołacz
783092976,95.0,2500.0,2022-09-22,stare miasto
783349675,31.0,1800.0,2022-09-22,grunwald
627202389,20.0,1500.0,2022-09-22,strzeszyn
783283238,32.0,2000.0,2022-09-22,naramowice
738250502,38.0,2100.0,2022-09-22,grunwald
782251079,55.0,2400.0,2022-09-21,łacina
688249959,37.0,1900.0,2022-09-21,wilda
777885930,130.0,4400.0,2022-09-21,stare miasto
783073869,41.5,2300.0,2022-09-21,łacina
781231923,47.0,2800.0,2022-09-21,górczyn
776545413,44.0,2600.0,2022-09-21,ławica
781284077,49.0,1800.0,2022-09-21,jeżyce
781318070,32.0,1800.0,2022-09-21,stare miasto
780113010,77.0,2200.0,2022-09-21,grunwald
782089938,48.0,2800.0,2022-09-21,łacina
779591063,55.0,850.0,2022-09-21,jeżyce
782029824,44.0,1550.0,2022-09-21,wilda
735965829,30.0,1900.0,2022-09-21,jeżyce
776757592,55.0,3000.0,2022-09-21,wilda
781344509,47.6,2500.0,2022-09-21,winogrady
778269069,27.0,2000.0,2022-09-21,łacina
783023919,40.0,1399.0,2022-09-21,winogrady
776553699,66.0,3000.0,2022-09-21,grunwald
777080812,47.0,2000.0,2022-09-21,jeżyce
781051405,44.0,2800.0,2022-09-21,jeżyce
781136436,50.0,2500.0,2022-09-21,górczyn
781608360,47.0,2190.0,2022-09-21,rataje
782013475,32.6,1000.0,2022-09-21,dębiec
781468227,50.0,2400.0,2022-09-21,rataje
783112209,36.64,2400.0,2022-09-21,ogrody
781255540,17.0,1090.0,2022-09-21,łazarz
782234432,50.0,2000.0,2022-09-21,łazarz
657491946,33.0,1900.0,2022-09-21,grunwald
783344477,38.0,1400.0,2022-09-21,stare miasto
778840494,40.0,2600.0,2022-09-21,grunwald
781987197,24.0,1500.0,2022-09-21,jeżyce
781271154,45.0,2700.0,2022-09-21,jeżyce
781816284,49.0,1750.0,2022-09-21,górczyn
781817475,43.0,1500.0,2022-09-21,naramowice
782637486,28.0,2200.0,2022-09-21,winogrady
782639096,48.0,2300.0,2022-09-21,dębiec
781355589,25.0,1900.0,2022-09-21,stare miasto
781600759,33.3,2200.0,2022-09-21,wilda
776621718,86.0,4130.0,2022-09-21,stare miasto
730436783,35.0,3000.0,2022-09-21,jeżyce
780092951,27.0,1690.0,2022-09-21,łazarz
782399945,41.0,2600.0,2022-09-21,jeżyce
698875364,21.0,2000.0,2022-09-21,komandoria
706322571,48.2,2200.0,2022-09-21,naramowice
776959731,48.0,1700.0,2022-09-21,dębiec
782590749,38.0,1950.0,2022-09-21,górczyn
656597635,32.0,1800.0,2022-09-21,rataje
780744198,37.0,1900.0,2022-09-20,dębiec
780613377,51.0,2500.0,2022-09-20,górczyn
776413937,42.0,3500.0,2022-09-20,jeżyce
781087547,39.91,3000.0,2022-09-20,stare miasto
781108818,30.0,1800.0,2022-09-20,górczyn
778858238,43.0,2100.0,2022-09-20,chartowo
769644803,15.0,3000.0,2022-09-20,łazarz
744110749,88.0,4200.0,2022-09-20,wilda
779408173,38.0,1600.0,2022-09-20,rataje
780964474,55.0,2700.0,2022-09-20,rataje
779641128,56.0,3000.0,2022-09-20,grunwald
778174831,45.0,2500.0,2022-09-20,jeżyce
782297838,41.0,2400.0,2022-09-20,strzeszyn
780174369,51.0,2550.0,2022-09-20,grunwald
781923345,29.0,2300.0,2022-09-20,rataje
737114201,53.0,3100.0,2022-09-20,chartowo
782960665,49.0,1700.0,2022-09-20,dębiec
781693871,44.0,3000.0,2022-09-20,podolany
589034539,85.0,3000.0,2022-09-20,warszawskie
691308622,500.0,6500.0,2022-09-20,stare miasto
779111093,51.0,2500.0,2022-09-20,górczyn
777593803,54.0,1300.0,2022-09-20,grunwald
782064531,35.0,2300.0,2022-09-20,podolany
781259108,46.0,2500.0,2022-09-20,górczyn
777631262,21.0,2200.0,2022-09-20,stare miasto
781177888,88.0,3000.0,2022-09-20,grunwald
782289972,45.0,900.0,2022-09-20,warszawskie
776531292,46.0,3000.0,2022-09-20,jeżyce
782260400,58.0,2300.0,2022-09-20,łazarz
783004131,63.0,2500.0,2022-09-20,chartowo
783073835,30.0,1500.0,2022-09-20,stare miasto
780489793,45.0,2500.0,2022-09-20,łacina
781204926,31.0,2250.0,2022-09-20,jeżyce
782502973,48.0,2100.0,2022-09-20,piątkowo
777214248,43.0,2300.0,2022-09-20,piątkowo
776345358,52.0,2800.0,2022-09-20,grunwald
777632969,47.0,2500.0,2022-09-20,winiary
783110358,39.0,1800.0,2022-09-20,winiary
771713120,30.0,2500.0,2022-09-19,łazarz
780607276,51.0,2500.0,2022-09-19,rataje
777972221,33.0,2500.0,2022-09-19,piątkowo
691978790,48.0,1600.0,2022-09-19,winogrady
775333532,62.0,1000.0,2022-09-19,rataje
679553984,30.0,1900.0,2022-09-19,jeżyce
780949373,35.0,2300.0,2022-09-19,podolany
765932879,45.0,2000.0,2022-09-19,grunwald
780607927,52.0,2000.0,2022-09-19,jeżyce
781908785,34.5,2000.0,2022-09-19,jeżyce
775308849,57.0,2950.0,2022-09-19,rataje
721255155,33.0,1650.0,2022-09-19,starołęka
782835392,31.0,1700.0,2022-09-19,stare miasto
780761481,20.0,1600.0,2022-09-19,wilda
764272603,50.0,2000.0,2022-09-19,stare miasto
781296244,43.0,2500.0,2022-09-19,dębiec
782812827,43.0,2100.0,2022-09-19,podolany
782414462,52.0,2000.0,2022-09-19,jeżyce
782823915,37.0,2000.0,2022-09-19,ogrody
782772567,31.0,1400.0,2022-09-19,rataje
782010033,35.0,2000.0,2022-09-19,chartowo
779513581,56.0,3000.0,2022-09-19,grunwald
781057576,44.0,1700.0,2022-09-19,stare miasto
778858222,52.0,2000.0,2022-09-19,jeżyce
367364356,42.0,2600.0,2022-09-19,stare miasto
780346823,44.0,2800.0,2022-09-19,jeżyce
780873443,28.0,1700.0,2022-09-19,wilda
776286579,38.0,2500.0,2022-09-19,grunwald
775924286,70.0,1200.0,2022-09-18,wilda
782408264,53.0,2000.0,2022-09-18,winogrady
782077767,38.0,1700.0,2022-09-18,winogrady
780624102,36.0,2500.0,2022-09-18,piątkowo
780503654,67.0,2500.0,2022-09-18,stare miasto
776222678,47.5,2250.0,2022-09-18,naramowice
782409291,25.0,1000.0,2022-09-18,wilda
780499734,15.5,850.0,2022-09-18,jeżyce
780546760,33.0,1650.0,2022-09-18,łacina
775684109,50.0,2300.0,2022-09-18,ogrody
779506114,79.0,2300.0,2022-09-18,wilda
669203462,22.0,1400.0,2022-09-18,winogrady
781966922,32.0,2200.0,2022-09-18,stare miasto
780490832,45.78,2700.0,2022-09-18,grunwald
780468473,40.0,2200.0,2022-09-18,winogrady
779645295,45.0,2300.0,2022-09-18,naramowice
781236095,51.0,2350.0,2022-09-18,winiary
780742275,35.0,1900.0,2022-09-18,grunwald
782438131,52.0,1900.0,2022-09-18,winogrady
697875804,55.0,2000.0,2022-09-18,piątkowo
782037352,27.5,1800.0,2022-09-18,winogrady
648626458,38.0,1800.0,2022-09-18,grunwald
782326092,40.0,1900.0,2022-09-18,sołacz
776096375,54.0,2300.0,2022-09-18,strzeszyn
780314255,56.0,2300.0,2022-09-18,piątkowo
780152096,42.0,2800.0,2022-09-18,rataje
782535479,34.0,1600.0,2022-09-18,chartowo
775044235,57.0,2800.0,2022-09-18,jeżyce
748601356,44.0,3400.0,2022-09-18,łazarz
779417915,64.0,2400.0,2022-09-18,piątkowo
782205798,17.0,1500.0,2022-09-18,jeżyce
740921110,41.0,2500.0,2022-09-18,stare miasto
689515979,52.0,3000.0,2022-09-18,grunwald
702704136,47.0,2400.0,2022-09-18,winogrady
776550777,38.0,1800.0,2022-09-18,chartowo
780903256,56.0,3000.0,2022-09-18,grunwald
782258199,47.2,2500.0,2022-09-18,wilda
774074383,47.0,5500.0,2022-09-18,wilda
780424960,66.0,2500.0,2022-09-17,rataje
780313156,29.6,1600.0,2022-09-17,podolany
781062587,48.0,2600.0,2022-09-17,rataje
781539307,30.0,1600.0,2022-09-17,rataje
621432607,31.0,1700.0,2022-09-17,stare miasto
762750173,55.0,2700.0,2022-09-17,jeżyce
683443103,48.0,1400.0,2022-09-17,grunwald
774439632,50.0,3500.0,2022-09-17,wilda
782350718,33.0,1700.0,2022-09-17,grunwald
777894646,40.5,2500.0,2022-09-17,komandoria
701323844,35.0,2700.0,2022-09-17,rataje
727958833,36.0,2450.0,2022-09-17,łacina
721000191,34.0,1600.0,2022-09-17,sołacz
781633829,49.0,2200.0,2022-09-17,rataje
777909749,80.0,2850.0,2022-09-17,stare miasto
780924328,59.0,2800.0,2022-09-17,komandoria
780401690,38.0,1600.0,2022-09-17,wilda
776616833,30.0,2100.0,2022-09-17,wilda
625198199,40.0,1800.0,2022-09-17,winiary
691153954,51.0,2200.0,2022-09-17,chartowo
766917833,60.0,3600.0,2022-09-17,grunwald
781575503,60.0,2100.0,2022-09-17,rataje
780728832,38.0,2400.0,2022-09-17,naramowice
780427328,42.0,2300.0,2022-09-17,jeżyce
781274096,49.5,1600.0,2022-09-17,junikowo
775721093,45.0,2300.0,2022-09-17,ogrody
780422081,20.0,1600.0,2022-09-17,ogrody
775873553,43.0,2200.0,2022-09-17,jeżyce
703726937,54.0,2400.0,2022-09-17,piątkowo
778235222,65.0,3000.0,2022-09-17,dębiec
782272444,41.0,1800.0,2022-09-17,chartowo
778684340,49.3,1500.0,2022-09-17,piątkowo
782347890,47.0,1850.0,2022-09-17,winogrady
738436824,49.0,2500.0,2022-09-17,winogrady
697305551,30.0,1900.0,2022-09-17,junikowo
781390281,38.0,2400.0,2022-09-17,stare miasto
777016429,55.0,2800.0,2022-09-17,grunwald
779060037,117.0,4500.0,2022-09-17,jeżyce
746604079,48.0,2000.0,2022-09-17,wilda
778905329,64.0,2000.0,2022-09-17,grunwald
780402704,34.0,1900.0,2022-09-17,łazarz
778437505,59.0,3200.0,2022-09-17,grunwald
782329138,44.0,2500.0,2022-09-17,jeżyce
778211223,50.0,2000.0,2022-09-17,rataje
782112027,50.0,3000.0,2022-09-17,śródka
779518751,47.0,2000.0,2022-09-17,piątkowo
781343647,46.0,1600.0,2022-09-16,dębiec
780213165,56.6,2500.0,2022-09-16,winogrady
700935549,47.0,2400.0,2022-09-16,grunwald
775586636,60.0,3100.0,2022-09-16,łazarz
781931909,20.0,1400.0,2022-09-16,jeżyce
728894741,50.0,2500.0,2022-09-16,grunwald
777398446,80.0,1400.0,2022-09-16,górczyn
782091744,55.0,2300.0,2022-09-16,naramowice
780269625,55.0,2500.0,2022-09-16,wilda
781763486,25.0,2100.0,2022-09-16,jeżyce
729102898,27.0,1350.0,2022-09-16,stare miasto
781315856,47.0,2200.0,2022-09-16,warszawskie
780743817,55.0,2500.0,2022-09-16,piątkowo
780214733,25.0,390.0,2022-09-16,wilda
746654272,25.0,2100.0,2022-09-16,rataje
700099487,80.0,2600.0,2022-09-16,stare miasto
782024245,41.0,2050.0,2022-09-16,górczyn
781032785,44.0,1890.0,2022-09-16,starołęka
666179501,20.0,1590.0,2022-09-16,grunwald
728896489,47.0,2100.0,2022-09-16,łazarz
782018949,120.0,3299.0,2022-09-16,grunwald
776638608,36.8,2000.0,2022-09-16,warszawskie
706334575,32.0,1700.0,2022-09-16,piątkowo
776905735,35.0,1500.0,2022-09-16,warszawskie
780788492,64.0,3300.0,2022-09-16,piątkowo
781938894,65.0,2100.0,2022-09-16,piątkowo
781472396,60.0,3200.0,2022-09-16,rataje
782130319,24.0,1700.0,2022-09-16,wilda
780229389,35.0,2200.0,2022-09-16,wilda
703502316,36.0,1700.0,2022-09-16,wilda
703677582,47.0,2400.0,2022-09-16,naramowice
775649036,34.0,2700.0,2022-09-16,stare miasto
702936918,16.0,1150.0,2022-09-16,grunwald
777287966,72.0,2800.0,2022-09-16,chartowo
780102713,45.0,1300.0,2022-09-16,łazarz
781637413,54.0,2000.0,2022-09-16,stare miasto
775689216,32.0,2000.0,2022-09-16,wilda
763735042,50.3,2300.0,2022-09-16,chartowo
781363559,47.0,2800.0,2022-09-16,piątkowo
781832024,46.5,2550.0,2022-09-16,wilda
722168492,38.0,2000.0,2022-09-16,jeżyce
780256556,31.0,1500.0,2022-09-16,dębiec
781222978,57.0,2500.0,2022-09-16,grunwald
780213649,28.0,1600.0,2022-09-16,podolany
776773422,47.0,2000.0,2022-09-15,smochowice
780559562,50.0,1800.0,2022-09-15,rataje
781665649,46.7,2200.0,2022-09-15,wilda
775277044,49.0,2300.0,2022-09-15,grunwald
781074380,75.0,2000.0,2022-09-15,jeżyce
780734885,73.0,3600.0,2022-09-15,dębiec
777686380,34.0,2200.0,2022-09-15,winogrady
780830754,48.0,2500.0,2022-09-15,chartowo
780694110,42.0,2400.0,2022-09-15,komandoria
780858937,64.0,2200.0,2022-09-15,śródka
775464847,50.0,2700.0,2022-09-15,wilda
697668467,53.0,1850.0,2022-09-15,smochowice
775393860,88.0,4500.0,2022-09-15,łazarz
776804915,35.16,700.0,2022-09-15,stare miasto
778888881,55.0,2750.0,2022-09-15,naramowice
780622297,55.0,4100.0,2022-09-15,jeżyce
779904405,40.0,2200.0,2022-09-15,winogrady
774607692,65.44,1000.0,2022-09-15,stare miasto
748268631,50.0,3000.0,2022-09-15,śródka
781390203,48.8,2400.0,2022-09-15,górczyn
693814703,61.4,2800.0,2022-09-15,grunwald
775475443,48.0,3000.0,2022-09-15,rataje
780035506,50.0,2800.0,2022-09-15,stare miasto
775465704,50.0,2700.0,2022-09-15,wilda
781540089,34.0,1950.0,2022-09-15,dębiec
780320075,30.0,2350.0,2022-09-15,wilda
681783601,60.0,2600.0,2022-09-15,grunwald
781569960,64.0,3100.0,2022-09-15,naramowice
687160668,45.0,2500.0,2022-09-15,stare miasto
777561201,51.0,3000.0,2022-09-15,jeżyce
605071557,60.0,2600.0,2022-09-15,grunwald
781825253,60.0,2600.0,2022-09-15,grunwald
780518107,45.0,2000.0,2022-09-15,dębiec
776565470,38.0,1650.0,2022-09-15,warszawskie
777208771,30.0,2300.0,2022-09-15,winiary
704006131,38.0,2200.0,2022-09-15,jeżyce
766909776,38.0,1800.0,2022-09-15,winogrady
777839923,45.0,3000.0,2022-09-15,grunwald
760846294,51.0,2500.0,2022-09-15,łacina
781413264,53.0,2300.0,2022-09-15,wilda
781213839,35.0,1600.0,2022-09-15,dębiec
781176366,23.0,1600.0,2022-09-15,dębiec
781451117,31.0,1900.0,2022-09-15,jeżyce
779886610,33.0,1000.0,2022-09-15,jeżyce
780872302,59.0,2400.0,2022-09-15,grunwald
775270917,40.0,1800.0,2022-09-15,podolany
779967060,27.0,1300.0,2022-09-15,winogrady
781504697,40.0,1200.0,2022-09-15,stare miasto
773549319,31.0,2500.0,2022-09-15,łacina
780124199,75.0,2300.0,2022-09-14,wilda
779843702,18.0,1790.0,2022-09-14,winogrady
781607816,38.0,1900.0,2022-09-14,wilda
775150455,43.0,2300.0,2022-09-14,grunwald
621118448,13.0,1650.0,2022-09-14,wilda
779384705,58.0,3000.0,2022-09-14,górczyn
770567723,30.0,1800.0,2022-09-14,dębiec
563341978,25.0,900.0,2022-09-14,łazarz
779583570,27.0,1400.0,2022-09-14,grunwald
704305755,30.0,1900.0,2022-09-14,sołacz
780647787,98.0,2200.0,2022-09-14,stare miasto
779832115,20.0,2100.0,2022-09-14,stare miasto
779840796,31.0,1800.0,2022-09-14,junikowo
779691387,23.46,1400.0,2022-09-14,jeżyce
781078485,39.0,2500.0,2022-09-14,wilda
779930726,38.0,2200.0,2022-09-14,rataje
781099853,31.0,1500.0,2022-09-14,śródka
779776482,38.0,2200.0,2022-09-14,grunwald
779756825,39.0,1830.0,2022-09-14,winogrady
780200701,51.0,2000.0,2022-09-14,jeżyce
779786986,48.0,1800.0,2022-09-14,rataje
691760299,50.0,2400.0,2022-09-14,łazarz
651047165,47.0,1850.0,2022-09-14,naramowice
778214078,61.0,2450.0,2022-09-14,junikowo
775215859,42.0,3200.0,2022-09-14,ogrody
774964490,18.0,1800.0,2022-09-14,jeżyce
775550498,70.0,2600.0,2022-09-14,jeżyce
779091155,58.0,3000.0,2022-09-14,górczyn
781116135,39.0,2000.0,2022-09-14,stare miasto
780526889,39.0,1750.0,2022-09-14,warszawskie
779855646,18.0,1820.0,2022-09-14,wilda
780219934,25.0,1600.0,2022-09-14,rataje
779751978,33.55,2350.0,2022-09-14,jeżyce
685572884,54.0,2600.0,2022-09-14,chartowo
779784412,40.0,2500.0,2022-09-14,rataje
778674935,58.0,3000.0,2022-09-14,górczyn
779866725,48.67,3000.0,2022-09-14,łacina
781519052,47.0,1700.0,2022-09-14,rataje
781265538,41.5,2200.0,2022-09-14,ławica
776773515,35.0,1900.0,2022-09-14,grunwald
598840325,45.0,2400.0,2022-09-14,junikowo
780162874,52.0,1700.0,2022-09-14,górczyn
775230356,28.0,2000.0,2022-09-14,ogrody
754297761,40.0,1400.0,2022-09-14,rataje
723703348,52.0,1500.0,2022-09-14,ławica
781515658,42.0,2200.0,2022-09-14,stare miasto
781365258,35.0,2200.0,2022-09-14,stare miasto
700029421,40.0,3200.0,2022-09-14,łacina
780809924,70.0,2000.0,2022-09-13,warszawskie
757797168,55.0,2400.0,2022-09-13,grunwald
778562608,63.0,2400.0,2022-09-13,piątkowo
779523893,32.0,1000.0,2022-09-13,stare miasto
778196303,40.0,3200.0,2022-09-13,naramowice
779467805,40.0,2200.0,2022-09-13,winogrady
779520952,21.0,850.0,2022-09-13,jeżyce
781359785,39.0,2200.0,2022-09-13,łazarz
779426536,50.0,2100.0,2022-09-13,rataje
779523341,40.0,2500.0,2022-09-13,starołęka
672125768,40.0,2500.0,2022-09-13,górczyn
779949957,47.0,2300.0,2022-09-13,jeżyce
781211525,53.0,1700.0,2022-09-13,grunwald
779548541,44.84,2750.0,2022-09-13,wilda
771600647,28.0,1500.0,2022-09-13,grunwald
779510119,69.0,2700.0,2022-09-13,chartowo
779893243,49.0,2200.0,2022-09-13,grunwald
777964781,43.0,2500.0,2022-09-13,jeżyce
779547353,38.5,1400.0,2022-09-13,jeżyce
697641007,33.0,2200.0,2022-09-13,łazarz
774966991,30.0,2200.0,2022-09-13,stare miasto
780475313,61.0,3000.0,2022-09-13,sołacz
780653148,49.0,2500.0,2022-09-13,wilda
756920611,53.3,2400.0,2022-09-13,jeżyce
754980261,43.0,2200.0,2022-09-13,wilda
689547225,50.0,2500.0,2022-09-13,grunwald
779486311,52.0,2000.0,2022-09-13,ogrody
780032326,38.0,2900.0,2022-09-13,rataje
769404954,50.0,4000.0,2022-09-12,łazarz
664036757,21.0,1700.0,2022-09-12,winogrady
781075190,53.0,2000.0,2022-09-12,winogrady
780976497,52.0,2100.0,2022-09-12,junikowo
779740979,59.2,2900.0,2022-09-12,stare miasto
676391392,53.0,2700.0,2022-09-12,górczyn
749644900,20.0,1500.0,2022-09-12,grunwald
760776231,38.72,2200.0,2022-09-12,wilda
778215085,39.0,2800.0,2022-09-12,wilda
705022114,44.0,2600.0,2022-09-12,grunwald
624675934,39.0,2200.0,2022-09-12,stare miasto
779764550,47.0,2000.0,2022-09-12,górczyn
776227890,80.0,2700.0,2022-09-12,podolany
687334618,16.0,1720.0,2022-09-12,stare miasto
744696906,48.0,2100.0,2022-09-12,grunwald
700267284,47.0,2100.0,2022-09-12,ogrody
779323722,60.0,2200.0,2022-09-12,grunwald
780519374,10.0,900.0,2022-09-12,winiary
779667432,56.0,2800.0,2022-09-12,ogrody
640921865,38.0,1800.0,2022-09-12,rataje
775745288,27.0,2290.0,2022-09-12,wilda
775173583,80.0,2850.0,2022-09-12,stare miasto
780307400,47.0,2700.0,2022-09-12,jeżyce
779657994,40.0,2200.0,2022-09-12,winogrady
779208737,55.0,2700.0,2022-09-12,górczyn
779604454,39.95,2500.0,2022-09-12,winogrady
779349840,40.0,2200.0,2022-09-12,winiary
779904831,41.9,1700.0,2022-09-12,wilda
780484209,32.0,1900.0,2022-09-12,wilda
780195109,47.6,2300.0,2022-09-12,winiary
780823396,64.0,3100.0,2022-09-12,stare miasto
780025339,32.5,2100.0,2022-09-12,ogrody
777986506,27.0,2290.0,2022-09-12,wilda
779155170,55.0,1700.0,2022-09-12,rataje
747238560,60.0,8500.0,2022-09-12,stare miasto
780722692,37.0,2500.0,2022-09-12,rataje
780702635,36.0,2000.0,2022-09-11,wilda
618352922,40.0,1500.0,2022-09-11,jeżyce
702633004,43.0,2200.0,2022-09-11,ogrody
702997366,39.0,2000.0,2022-09-11,rataje
726999260,40.0,2000.0,2022-09-11,rataje
779475243,33.0,1850.0,2022-09-11,grunwald
730385092,31.0,1500.0,2022-09-11,grunwald
780338746,37.0,2000.0,2022-09-11,grunwald
779416761,40.0,2100.0,2022-09-11,jeżyce
774710082,70.0,2800.0,2022-09-11,rataje
780290138,48.0,2400.0,2022-09-11,chartowo
780402956,16.0,1000.0,2022-09-11,ogrody
733338257,38.0,2000.0,2022-09-11,winogrady
778871925,60.0,3300.0,2022-09-11,winogrady
778551808,59.0,850.0,2022-09-11,piątkowo
780220005,65.0,3500.0,2022-09-11,łacina
778914647,56.0,2500.0,2022-09-11,naramowice
700939139,43.0,2200.0,2022-09-11,rataje
780874061,30.0,2200.0,2022-09-11,podolany
661708276,24.0,1600.0,2022-09-11,rataje
779318452,60.0,6000.0,2022-09-11,stare miasto
761998462,45.0,3000.0,2022-09-11,grunwald
779942140,40.0,1700.0,2022-09-11,szczepankowo
779863955,48.0,1600.0,2022-09-11,stare miasto
780411573,88.0,700.0,2022-09-11,stare miasto
780392972,56.0,2400.0,2022-09-11,grunwald
780992440,72.0,1700.0,2022-09-11,wilda
646623376,35.0,1500.0,2022-09-10,piątkowo
762644925,71.0,2990.0,2022-09-10,chartowo
777778891,61.2,3000.0,2022-09-10,rataje
775706078,62.0,2800.0,2022-09-10,winiary
779879060,47.0,2700.0,2022-09-10,stare miasto
779103293,27.0,1690.0,2022-09-10,łazarz
779087412,80.0,3200.0,2022-09-10,rataje
700471402,22.0,1950.0,2022-09-10,wilda
779158359,50.0,2500.0,2022-09-10,rataje
630528248,22.0,1690.0,2022-09-10,wilda
780635864,31.0,2200.0,2022-09-10,wilda
777552375,32.0,2500.0,2022-09-10,jeżyce
774993217,54.0,2500.0,2022-09-10,jeżyce
780732777,34.0,2000.0,2022-09-10,junikowo
780222138,48.0,2200.0,2022-09-10,winogrady
737945380,33.0,1300.0,2022-09-10,stare miasto
779202212,52.0,1600.0,2022-09-10,grunwald
780544534,40.0,2300.0,2022-09-10,winogrady
779779758,29.8,2200.0,2022-09-10,sołacz
713922681,35.0,2000.0,2022-09-10,jeżyce
780212657,44.0,2200.0,2022-09-10,piątkowo
757743600,53.0,2500.0,2022-09-10,winogrady
696134600,81.0,2700.0,2022-09-10,piątkowo
780742985,40.0,2300.0,2022-09-10,winiary
779142258,35.0,2800.0,2022-09-10,stare miasto
780519052,32.0,1500.0,2022-09-10,górczyn
775461989,10.0,1200.0,2022-09-10,górczyn
779998400,65.0,3500.0,2022-09-10,stare miasto
779699168,31.0,9999.0,2022-09-10,jeżyce
779760855,43.0,2300.0,2022-09-10,rataje
774456424,59.0,2500.0,2022-09-10,piątkowo
780457226,42.0,2500.0,2022-09-10,grunwald
774505578,78.0,3900.0,2022-09-10,stare miasto
654912388,42.0,3000.0,2022-09-10,wilda
652305607,35.0,1300.0,2022-09-10,grunwald
763282629,67.0,3000.0,2022-09-10,wilda
700528012,48.0,2400.0,2022-09-10,winogrady
780096145,25.0,1500.0,2022-09-10,jeżyce
780206617,57.0,3000.0,2022-09-10,winogrady
780609000,48.0,1300.0,2022-09-10,piątkowo
704334395,30.0,1500.0,2022-09-10,ogrody
780448003,47.4,2700.0,2022-09-10,chartowo
779795422,47.0,2000.0,2022-09-10,winogrady
627126342,33.0,2000.0,2022-09-10,śródka
769075485,46.0,2600.0,2022-09-10,podolany
780406921,30.0,1750.0,2022-09-10,grunwald
777292172,43.0,2000.0,2022-09-10,ogrody
779107594,22.0,1750.0,2022-09-10,łazarz
779937856,38.0,1650.0,2022-09-10,łazarz
691277730,80.0,2700.0,2022-09-10,piątkowo
780482103,27.0,1300.0,2022-09-10,stare miasto
780097631,57.0,1200.0,2022-09-10,łacina
778003856,64.0,2700.0,2022-09-09,piątkowo
780293788,39.6,2250.0,2022-09-09,jeżyce
700007274,34.0,1800.0,2022-09-09,rataje
780398329,34.0,1300.0,2022-09-09,sołacz
774245434,80.0,2600.0,2022-09-09,jeżyce
780095983,70.0,2090.0,2022-09-09,łazarz
779582447,46.0,2600.0,2022-09-09,warszawskie
779715558,20.0,2200.0,2022-09-09,łazarz
761303859,71.45,3900.0,2022-09-09,komandoria
772885492,75.0,3000.0,2022-09-09,rataje
779269347,36.0,1600.0,2022-09-09,jeżyce
779099248,28.0,1750.0,2022-09-09,łazarz
777605590,40.0,2800.0,2022-09-09,piątkowo
777738510,79.0,6500.0,2022-09-09,jeżyce
780466659,41.0,2450.0,2022-09-09,jeżyce
697265637,34.0,1700.0,2022-09-09,łazarz
779032667,22.0,1600.0,2022-09-09,stare miasto
774342771,20.0,2000.0,2022-09-09,komandoria
735096851,100.0,35.0,2022-09-09,szczepankowo
776074277,80.0,5000.0,2022-09-09,ławica
776532337,38.0,2500.0,2022-09-09,rataje
779029087,22.0,1500.0,2022-09-09,stare miasto
