AREA_IN_M2;PRICE;DATE;DISTRICT
60.0;5000.0;2022-10-21;stare miasto
45.0;2000.0;2022-10-21;podolany
33.6;1700.0;2022-10-21;grunwald
60.0;6000.0;2022-10-21;stare miasto
43.0;2850.0;2022-10-21;łazarz
60.0;2999.0;2022-10-21;stare miasto
69.5;3200.0;2022-10-21;jeżyce
32.0;1900.0;2022-10-21;naramowice
20.0;2000.0;2022-10-21;winiary
40.0;100.0;2022-10-21;dębiec
53.0;2200.0;2022-10-21;podolany
32.0;1800.0;2022-10-21;naramowice
59.35;2300.0;2022-10-21;górczyn
52.0;2300.0;2022-10-21;warszawskie
60.0;3100.0;2022-10-21;jeżyce
52.6;2300.0;2022-10-21;grunwald
55.0;2500.0;2022-10-21;komandoria
50.0;3100.0;2022-10-21;naramowice
51.6;2200.0;2022-10-21;piątkowo
61.8;3600.0;2022-10-21;warszawskie
47.0;2550.0;2022-10-21;łacina
40.0;3000.0;2022-10-21;rataje
46.0;2600.0;2022-10-21;grunwald
44.0;2300.0;2022-10-21;grunwald
50.0;2500.0;2022-10-21;winiary
60.0;6000.0;2022-10-21;stare miasto
53.0;2200.0;2022-10-21;łazarz
32.0;1800.0;2022-10-21;junikowo
78.0;2900.0;2022-10-21;piątkowo
48.0;2400.0;2022-10-21;komandoria
44.0;3500.0;2022-10-21;łacina
43.0;2200.0;2022-10-21;łacina
53.0;2500.0;2022-10-21;winogrady
47.5;2200.0;2022-10-21;wilda
50.0;2000.0;2022-10-21;chartowo
78.3;1300.0;2022-10-21;grunwald
35.0;1900.0;2022-10-21;rataje
50.0;2300.0;2022-10-21;winogrady
38.0;3500.0;2022-10-21;jeżyce
120.0;2800.0;2022-10-21;warszawskie
95.0;5500.0;2022-10-21;naramowice
39.0;2000.0;2022-10-21;grunwald
68.0;3300.0;2022-10-21;winogrady
80.0;3100.0;2022-10-21;winogrady
40.0;2100.0;2022-10-21;dębiec
55.0;2300.0;2022-10-21;warszawskie
28.0;1000.0;2022-10-21;smochowice
130.0;783.0;2022-10-21;stare miasto
27.7;2500.0;2022-10-21;sołacz
33.0;2700.0;2022-10-21;naramowice
77.0;3200.0;2022-10-21;grunwald
80.0;2900.0;2022-10-21;wilda
47.0;2500.0;2022-10-21;dębiec
40.0;2500.0;2022-10-21;stare miasto
48.8;2000.0;2022-10-21;rataje
54.0;2000.0;2022-10-21;grunwald
18.0;1200.0;2022-10-21;rataje
44.0;2200.0;2022-10-21;rataje
65.0;1900.0;2022-10-21;jeżyce
51.0;2300.0;2022-10-21;górczyn
50.0;2700.0;2022-10-21;piątkowo
47.0;2400.0;2022-10-21;naramowice
78.0;3200.0;2022-10-21;łazarz
31.0;1600.0;2022-10-21;rataje
64.0;2700.0;2022-10-21;piątkowo
38.0;2300.0;2022-10-21;winogrady
55.0;2900.0;2022-10-21;rataje
38.0;2100.0;2022-10-21;łacina
70.0;9500.0;2022-10-21;jeżyce
54.56;3000.0;2022-10-21;grunwald
59.35;2000.0;2022-10-21;grunwald
71.0;2500.0;2022-10-21;grunwald
40.5;2900.0;2022-10-21;grunwald
38.0;1500.0;2022-10-21;jeżyce
49.0;2400.0;2022-10-21;naramowice
55.0;2100.0;2022-10-21;jeżyce
45.0;2400.0;2022-10-21;jeżyce
220.0;6000.0;2022-10-21;wilda
46.0;2350.0;2022-10-21;podolany
49.0;2350.0;2022-10-21;jeżyce
53.0;2700.0;2022-10-21;wilda
36.0;2500.0;2022-10-21;rataje
120.0;8400.0;2022-10-21;warszawskie
50.0;2700.0;2022-10-21;rataje
30.31;2200.0;2022-10-21;jeżyce
55.0;7000.0;2022-10-21;stare miasto
49.0;2200.0;2022-10-21;górczyn
49.0;3200.0;2022-10-21;warszawskie
50.0;2500.0;2022-10-21;grunwald
44.0;2800.0;2022-10-21;rataje
72.0;2600.0;2022-10-21;stare miasto
50.0;2300.0;2022-10-21;piątkowo
69.9;3000.0;2022-10-21;jeżyce
42.81;2450.0;2022-10-21;wilda
50.0;3300.0;2022-10-21;jeżyce
38.0;1600.0;2022-10-21;winogrady
28.0;1800.0;2022-10-21;starołęka
50.0;2200.0;2022-10-21;stare miasto
40.0;2500.0;2022-10-21;chartowo
50.0;3000.0;2022-10-21;łazarz
56.17;3200.0;2022-10-21;łacina
82.0;2600.0;2022-10-21;grunwald
65.0;1700.0;2022-10-21;strzeszyn
60.0;6000.0;2022-10-21;stare miasto
50.0;2500.0;2022-10-21;dębiec
55.2;2000.0;2022-10-21;piątkowo
37.0;2300.0;2022-10-21;jeżyce
38.0;2500.0;2022-10-21;rataje
65.0;2800.0;2022-10-21;chartowo
50.39;2900.0;2022-10-21;sołacz
38.0;1700.0;2022-10-21;grunwald
47.0;3000.0;2022-10-21;naramowice
50.0;2600.0;2022-10-21;winogrady
31.0;1400.0;2022-10-21;starołęka
40.0;2500.0;2022-10-21;grunwald
47.3;1900.0;2022-10-21;winogrady
78.0;1600.0;2022-10-21;łazarz
7.0;1000.0;2022-10-21;piątkowo
40.0;2200.0;2022-10-21;winiary
51.0;3500.0;2022-10-21;stare miasto
37.0;1650.0;2022-10-21;górczyn
27.0;1600.0;2022-10-21;śródka
40.0;1600.0;2022-10-21;winogrady
42.0;2700.0;2022-10-21;rataje
49.0;2300.0;2022-10-21;piątkowo
53.0;2600.0;2022-10-21;winogrady
70.0;1600.0;2022-10-21;łazarz
100.0;2300.0;2022-10-21;grunwald
43.0;1900.0;2022-10-21;jeżyce
32.0;1900.0;2022-10-21;jeżyce
48.0;2000.0;2022-10-21;grunwald
75.0;3200.0;2022-10-21;jeżyce
65.5;2800.0;2022-10-21;wilda
34.0;2500.0;2022-10-21;wilda
35.0;4500.0;2022-10-21;łazarz
43.0;2100.0;2022-10-21;jeżyce
16.0;1500.0;2022-10-21;stare miasto
42.0;2000.0;2022-10-21;podolany
48.0;2150.0;2022-10-21;winogrady
53.0;1900.0;2022-10-21;wilda
38.0;2200.0;2022-10-21;rataje
38.0;2300.0;2022-10-21;górczyn
64.0;3000.0;2022-10-21;rataje
55.0;6000.0;2022-10-21;stare miasto
65.0;2700.0;2022-10-21;grunwald
33.0;1300.0;2022-10-21;górczyn
60.0;5500.0;2022-10-21;stare miasto
75.0;3200.0;2022-10-21;starołęka
50.0;3500.0;2022-10-21;grunwald
33.0;2600.0;2022-10-21;wilda
64.0;2100.0;2022-10-21;winogrady
40.0;2600.0;2022-10-21;wilda
48.0;2200.0;2022-10-21;warszawskie
49.0;1500.0;2022-10-21;piątkowo
30.0;1200.0;2022-10-21;warszawskie
50.0;8500.0;2022-10-21;stare miasto
52.0;1900.0;2022-10-21;smochowice
44.0;2000.0;2022-10-21;wilda
65.0;2400.0;2022-10-21;jeżyce
70.0;2600.0;2022-10-21;starołęka
54.0;3300.0;2022-10-21;jeżyce
58.0;3100.0;2022-10-21;stare miasto
50.0;2400.0;2022-10-21;stare miasto
58.0;2600.0;2022-10-21;górczyn
42.0;2700.0;2022-10-21;łacina
47.0;2000.0;2022-10-21;piątkowo
70.0;1850.0;2022-10-21;stare miasto
76.0;5000.0;2022-10-21;piątkowo
52.0;2800.0;2022-10-21;górczyn
60.0;2500.0;2022-10-21;stare miasto
56.0;2200.0;2022-10-21;winogrady
69.0;3500.0;2022-10-21;rataje
65.0;2000.0;2022-10-21;piątkowo
50.0;2600.0;2022-10-21;rataje
42.0;2000.0;2022-10-21;łazarz
80.0;3000.0;2022-10-21;rataje
130.0;4500.0;2022-10-21;stare miasto
62.0;3200.0;2022-10-21;grunwald
34.0;2400.0;2022-10-21;junikowo
30.0;2400.0;2022-10-21;jeżyce
110.0;450.0;2022-10-21;wilda
42.0;2400.0;2022-10-21;sołacz
45.0;2500.0;2022-10-21;dębiec
70.0;2500.0;2022-10-21;łazarz
52.0;2100.0;2022-10-21;piątkowo
30.0;1380.0;2022-10-21;junikowo
105.0;2000.0;2022-10-21;łazarz
50.0;1800.0;2022-10-21;dębiec
61.3;2400.0;2022-10-21;piątkowo
47.1;2700.0;2022-10-21;komandoria
46.0;1900.0;2022-10-21;piątkowo
36.0;2600.0;2022-10-21;starołęka
53.0;1400.0;2022-10-21;rataje
55.0;2300.0;2022-10-21;warszawskie
75.0;3500.0;2022-10-21;starołęka
35.0;2500.0;2022-10-21;sołacz
60.0;3600.0;2022-10-21;wilda
60.0;2500.0;2022-10-21;górczyn
51.0;1899.0;2022-10-21;piątkowo
37.0;1800.0;2022-10-21;winiary
74.0;2600.0;2022-10-21;stare miasto
55.0;2299.0;2022-10-21;łazarz
42.0;1450.0;2022-10-21;jeżyce
57.1;3370.0;2022-10-21;warszawskie
48.0;2700.0;2022-10-21;winogrady
50.3;3200.0;2022-10-21;warszawskie
60.0;2600.0;2022-10-21;stare miasto
22.0;1620.0;2022-10-21;wilda
12.0;2000.0;2022-10-21;piątkowo
34.0;2100.0;2022-10-21;łazarz
30.0;2200.0;2022-10-21;wilda
49.5;2100.0;2022-10-21;piątkowo
130.0;4500.0;2022-10-21;stare miasto
64.0;2200.0;2022-10-21;chartowo
87.0;3600.0;2022-10-21;naramowice
69.0;3300.0;2022-10-21;grunwald
38.0;1800.0;2022-10-21;rataje
45.0;2500.0;2022-10-21;wilda
39.0;2100.0;2022-10-21;dębiec
80.0;2900.0;2022-10-21;wilda
53.0;2300.0;2022-10-21;strzeszyn
59.0;2200.0;2022-10-21;winiary
58.0;2600.0;2022-10-21;chartowo
40.0;2100.0;2022-10-21;dębiec
36.0;2400.0;2022-10-21;ogrody
46.0;2500.0;2022-10-21;winogrady
54.0;2600.0;2022-10-21;chartowo
20.0;1600.0;2022-10-21;wilda
40.0;2950.0;2022-10-21;rataje
49.0;2900.0;2022-10-21;stare miasto
50.0;1800.0;2022-10-21;łazarz
40.0;2500.0;2022-10-21;jeżyce
48.73;1700.0;2022-10-21;komandoria
44.0;2400.0;2022-10-21;rataje
59.0;2400.0;2022-10-21;łacina
50.0;1500.0;2022-10-21;chartowo
24.0;2800.0;2022-10-21;jeżyce
73.0;2500.0;2022-10-21;rataje
35.0;2300.0;2022-10-21;grunwald
40.0;3000.0;2022-10-21;stare miasto
442.0;2600.0;2022-10-21;chartowo
34.0;2550.0;2022-10-21;rataje
26.0;1500.0;2022-10-21;piątkowo
42.0;2700.0;2022-10-21;łacina
38.0;1850.0;2022-10-21;rataje
46.5;2000.0;2022-10-21;chartowo
49.0;2000.0;2022-10-21;piątkowo
42.0;2200.0;2022-10-21;jeżyce
46.0;2500.0;2022-10-21;stare miasto
60.0;6000.0;2022-10-21;stare miasto
51.0;2900.0;2022-10-21;górczyn
45.0;2600.0;2022-10-21;jeżyce
32.0;2500.0;2022-10-21;starołęka
90.0;2700.0;2022-10-21;stare miasto
78.0;2600.0;2022-10-21;grunwald
33.0;2200.0;2022-10-21;chartowo
44.0;2500.0;2022-10-21;rataje
37.0;2450.0;2022-10-21;wilda
75.0;3490.0;2022-10-21;rataje
16.0;900.0;2022-10-21;piątkowo
51.0;3500.0;2022-10-21;sołacz
38.0;1500.0;2022-10-21;piątkowo
50.0;2500.0;2022-10-21;wilda
50.0;2100.0;2022-10-21;grunwald
71.0;4200.0;2022-10-21;grunwald
56.0;2490.0;2022-10-21;grunwald
51.0;2300.0;2022-10-21;łacina
22.0;1400.0;2022-10-21;sołacz
38.0;2600.0;2022-10-21;wilda
52.0;2500.0;2022-10-21;junikowo
65.0;6000.0;2022-10-21;stare miasto
140.0;3000.0;2022-10-21;grunwald
59.0;2700.0;2022-10-21;chartowo
70.0;3500.0;2022-10-21;jeżyce
50.0;2600.0;2022-10-21;dębiec
40.0;2000.0;2022-10-21;górczyn
44.0;2000.0;2022-10-21;rataje
48.0;2000.0;2022-10-21;junikowo
60.0;2400.0;2022-10-21;wilda
55.9;2200.0;2022-10-21;łacina
50.0;1100.0;2022-10-21;ogrody
45.0;2100.0;2022-10-21;sołacz
50.0;2550.0;2022-10-21;piątkowo
58.0;5200.0;2022-10-21;komandoria
64.0;2799.0;2022-10-21;dębiec
49.6;3000.0;2022-10-21;wilda
55.0;3500.0;2022-10-21;grunwald
130.0;3500.0;2022-10-21;naramowice
50.0;2500.0;2022-10-21;grunwald
44.0;2400.0;2022-10-21;junikowo
42.0;2800.0;2022-10-21;jeżyce
40.0;1500.0;2022-10-21;dębiec
38.0;2400.0;2022-10-21;winogrady
63.3;3800.0;2022-10-21;piątkowo
48.0;2400.0;2022-10-21;rataje
50.0;1799.0;2022-10-21;wilda
60.0;6000.0;2022-10-21;stare miasto
44.43;2700.0;2022-10-21;stare miasto
52.0;2500.0;2022-10-21;chartowo
32.0;2600.0;2022-10-21;łazarz
64.0;2500.0;2022-10-21;sołacz
37.0;2600.0;2022-10-21;starołęka
44.0;2600.0;2022-10-21;jeżyce
40.0;2000.0;2022-10-21;górczyn
39.0;1900.0;2022-10-21;podolany
50.0;2600.0;2022-10-21;jeżyce
65.0;2600.0;2022-10-21;stare miasto
54.4;3500.0;2022-10-21;wilda
52.1;2500.0;2022-10-21;warszawskie
34.0;3000.0;2022-10-21;stare miasto
42.0;2800.0;2022-10-21;jeżyce
90.0;3000.0;2022-10-21;naramowice
50.0;2000.0;2022-10-21;sołacz
50.0;1900.0;2022-10-21;piątkowo
62.0;1500.0;2022-10-21;starołęka
55.1;3250.0;2022-10-21;warszawskie
12.5;1250.0;2022-10-21;rataje
120.0;3200.0;2022-10-21;stare miasto
44.0;2000.0;2022-10-21;piątkowo
50.0;2100.0;2022-10-21;naramowice
64.0;4000.0;2022-10-21;łacina
53.0;2600.0;2022-10-21;chartowo
44.0;2300.0;2022-10-21;grunwald
38.0;2300.0;2022-10-21;winogrady
42.0;2200.0;2022-10-21;łazarz
40.0;2500.0;2022-10-21;dębiec
50.0;1800.0;2022-10-21;komandoria
67.0;3000.0;2022-10-21;piątkowo
40.21;2500.0;2022-10-21;starołęka
44.0;2400.0;2022-10-21;dębiec
54.0;3000.0;2022-10-21;jeżyce
26.0;3900.0;2022-10-21;łazarz
64.0;3600.0;2022-10-21;grunwald
36.0;1900.0;2022-10-21;dębiec
47.5;2500.0;2022-10-21;winogrady
66.0;3600.0;2022-10-21;piątkowo
48.0;2800.0;2022-10-21;rataje
33.0;2200.0;2022-10-21;dębiec
105.0;7900.0;2022-10-21;stare miasto
55.0;1500.0;2022-10-21;łazarz
73.0;2000.0;2022-10-21;grunwald
80.0;5000.0;2022-10-21;ławica
37.5;1500.0;2022-10-21;dębiec
55.0;7000.0;2022-10-21;stare miasto
49.0;1900.0;2022-10-21;sołacz
71.0;3300.0;2022-10-21;jeżyce
64.0;3000.0;2022-10-21;warszawskie
57.8;2700.0;2022-10-21;stare miasto
42.0;2400.0;2022-10-21;górczyn
70.0;4000.0;2022-10-21;junikowo
40.0;1900.0;2022-10-21;winogrady
49.0;2500.0;2022-10-21;piątkowo
48.0;2400.0;2022-10-21;stare miasto
60.0;6000.0;2022-10-21;stare miasto
67.0;3000.0;2022-10-21;grunwald
70.0;6500.0;2022-10-21;stare miasto
50.0;2050.0;2022-10-21;wilda
48.0;2400.0;2022-10-21;łacina
31.0;1800.0;2022-10-21;stare miasto
40.0;2300.0;2022-10-21;naramowice
55.0;2300.0;2022-10-21;wilda
24.0;2200.0;2022-10-21;winiary
52.0;2500.0;2022-10-21;ogrody
22.0;2000.0;2022-10-21;winiary
60.0;1700.0;2022-10-21;łazarz
22.0;2300.0;2022-10-21;komandoria
69.0;3000.0;2022-10-21;grunwald
50.0;2700.0;2022-10-21;jeżyce
50.0;1700.0;2022-10-21;naramowice
45.6;2100.0;2022-10-21;górczyn
70.0;750.0;2022-10-21;junikowo
62.0;2800.0;2022-10-21;winiary
69.0;2500.0;2022-10-21;grunwald
60.0;1000.0;2022-10-21;rataje
50.0;450000.0;2022-10-21;winogrady
48.5;2400.0;2022-10-21;łacina
47.0;2000.0;2022-10-21;łazarz
60.0;3000.0;2022-10-21;wilda
89.0;3200.0;2022-10-21;komandoria
49.0;2500.0;2022-10-21;komandoria
70.0;2500.0;2022-10-21;chartowo
28.0;1650.0;2022-10-21;dębiec
27.0;1600.0;2022-10-21;winogrady
38.0;1500.0;2022-10-21;junikowo
50.0;2900.0;2022-10-21;naramowice
87.0;3500.0;2022-10-21;winogrady
50.0;2750.0;2022-10-21;śródka
110.0;3300.0;2022-10-21;strzeszyn
42.0;2500.0;2022-10-21;wilda
36.0;2100.0;2022-10-21;rataje
22.0;1400.0;2022-10-21;szczepankowo
45.0;2300.0;2022-10-21;dębiec
60.0;6500.0;2022-10-21;stare miasto
40.0;1499.0;2022-10-21;naramowice
47.0;3000.0;2022-10-21;piątkowo
39.0;2300.0;2022-10-21;podolany
64.0;3100.0;2022-10-21;rataje
34.0;2200.0;2022-10-21;wilda
35.0;1600.0;2022-10-21;grunwald
40.0;3000.0;2022-10-21;jeżyce
64.0;3500.0;2022-10-21;rataje
57.0;3000.0;2022-10-21;grunwald
63.0;2200.0;2022-10-21;górczyn
42.6;2100.0;2022-10-21;śródka
38.0;1100.0;2022-10-21;rataje
49.0;2300.0;2022-10-21;piątkowo
60.0;3500.0;2022-10-21;grunwald
49.29;3100.0;2022-10-21;górczyn
65.0;2600.0;2022-10-21;stare miasto
106.0;3500.0;2022-10-21;jeżyce
42.0;2500.0;2022-10-21;piątkowo
62.66;3400.0;2022-10-21;podolany
51.2;2500.0;2022-10-21;dębiec
78.0;4500.0;2022-10-21;stare miasto
37.0;2000.0;2022-10-21;dębiec
30.0;1800.0;2022-10-21;szczepankowo
33.6;1700.0;2022-10-21;junikowo
52.0;3000.0;2022-10-21;podolany
50.0;2600.0;2022-10-21;łazarz
44.92;2400.0;2022-10-21;jeżyce
30.0;2000.0;2022-10-21;stare miasto
31.0;2000.0;2022-10-21;chartowo
41.0;2200.0;2022-10-21;grunwald
61.1;2400.0;2022-10-21;warszawskie
53.0;2600.0;2022-10-21;jeżyce
42.0;2700.0;2022-10-21;stare miasto
72.0;2500.0;2022-10-21;grunwald
30.0;2900.0;2022-10-21;piątkowo
60.0;2200.0;2022-10-21;wilda
27.5;2400.0;2022-10-21;stare miasto
60.0;2200.0;2022-10-21;warszawskie
60.0;2400.0;2022-10-20;stare miasto
37.0;2200.0;2022-10-20;łazarz
42.0;2250.0;2022-10-20;stare miasto
37.0;2300.0;2022-10-20;winiary
27.55;2250.0;2022-10-20;rataje
36.78;2000.0;2022-10-20;rataje
27.0;900.0;2022-10-20;naramowice
48.15;2500.0;2022-10-20;ławica
40.0;1800.0;2022-10-20;ławica
31.0;2000.0;2022-10-20;rataje
55.0;1800.0;2022-10-20;starołęka
58.0;5200.0;2022-10-20;komandoria
70.0;2600.0;2022-10-20;dębiec
32.0;1500.0;2022-10-20;winogrady
43.0;2100.0;2022-10-20;podolany
40.0;2500.0;2022-10-20;rataje
31.0;1800.0;2022-10-20;naramowice
33.0;1800.0;2022-10-20;rataje
60.0;1100.0;2022-10-20;wilda
30.0;1400.0;2022-10-20;łazarz
25.0;1900.0;2022-10-20;ogrody
42.0;2800.0;2022-10-20;jeżyce
57.0;3500.0;2022-10-20;winiary
36.0;2300.0;2022-10-20;łazarz
385.0;2850.0;2022-10-20;rataje
50.0;2000.0;2022-10-20;szczepankowo
61.0;2700.0;2022-10-20;ogrody
35.0;2200.0;2022-10-20;wilda
38.0;1800.0;2022-10-20;rataje
46.0;2400.0;2022-10-20;grunwald
28.0;1700.0;2022-10-20;grunwald
44.0;2500.0;2022-10-20;podolany
56.7;2000.0;2022-10-20;łazarz
44.0;1550.0;2022-10-20;dębiec
45.0;2600.0;2022-10-20;stare miasto
20.0;1500.0;2022-10-20;jeżyce
58.0;5500.0;2022-10-20;piątkowo
77.0;2000.0;2022-10-20;górczyn
30.0;700.0;2022-10-20;śródka
26.0;2000.0;2022-10-20;ogrody
50.0;2200.0;2022-10-19;piątkowo
22.0;1600.0;2022-10-19;górczyn
54.0;2000.0;2022-10-19;naramowice
85.0;2600.0;2022-10-19;jeżyce
52.0;2500.0;2022-10-19;wilda
90.0;2700.0;2022-10-19;górczyn
37.0;1900.0;2022-10-19;stare miasto
37.0;1200.0;2022-10-19;jeżyce
34.77;2480.0;2022-10-19;jeżyce
54.0;3600.0;2022-10-19;chartowo
20.0;2000.0;2022-10-19;dębiec
50.0;2550.0;2022-10-19;łazarz
40.0;1600.0;2022-10-19;dębiec
32.0;1800.0;2022-10-19;stare miasto
48.0;2200.0;2022-10-19;piątkowo
26.0;2300.0;2022-10-19;komandoria
28.0;1600.0;2022-10-19;ogrody
42.0;2000.0;2022-10-19;chartowo
43.0;1700.0;2022-10-19;naramowice
49.0;2350.0;2022-10-19;śródka
58.0;2500.0;2022-10-19;rataje
54.0;2000.0;2022-10-19;chartowo
62.0;2700.0;2022-10-19;rataje
26.75;2060.0;2022-10-19;jeżyce
42.0;2700.0;2022-10-19;rataje
27.5;1500.0;2022-10-19;grunwald
30.0;2000.0;2022-10-19;komandoria
53.0;2300.0;2022-10-19;strzeszyn
37.0;1400.0;2022-10-19;łazarz
42.0;3000.0;2022-10-19;stare miasto
84.0;6500.0;2022-10-19;śródka
48.0;2200.0;2022-10-19;grunwald
12.0;1500.0;2022-10-19;grunwald
31.0;1000.0;2022-10-19;grunwald
49.0;2100.0;2022-10-19;piątkowo
39.0;1850.0;2022-10-19;jeżyce
47.0;2400.0;2022-10-19;rataje
44.0;2200.0;2022-10-19;rataje
41.0;2500.0;2022-10-19;jeżyce
54.6;2200.0;2022-10-19;wilda
42.0;2700.0;2022-10-19;rataje
80.0;2000.0;2022-10-19;naramowice
26.0;2300.0;2022-10-19;stare miasto
49.0;2400.0;2022-10-19;łazarz
33.0;1700.0;2022-10-18;ławica
100.0;2700.0;2022-10-18;jeżyce
81.0;2500.0;2022-10-18;jeżyce
89.0;1500.0;2022-10-18;stare miasto
37.0;2000.0;2022-10-18;piątkowo
65.0;2500.0;2022-10-18;grunwald
39.0;2200.0;2022-10-18;śródka
40.0;1600.0;2022-10-18;grunwald
30.0;900.0;2022-10-18;górczyn
48.0;2500.0;2022-10-18;chartowo
83.0;3000.0;2022-10-18;grunwald
30.0;1000.0;2022-10-18;sołacz
75.0;3490.0;2022-10-18;rataje
54.0;2400.0;2022-10-18;jeżyce
19.0;1250.0;2022-10-18;stare miasto
36.71;2500.0;2022-10-18;rataje
48.6;2500.0;2022-10-18;rataje
90.0;2200.0;2022-10-18;stare miasto
65.0;3150.0;2022-10-18;łazarz
42.0;3000.0;2022-10-18;rataje
46.8;2200.0;2022-10-18;piątkowo
35.0;1900.0;2022-10-18;junikowo
50.0;2500.0;2022-10-18;naramowice
84.0;3400.0;2022-10-18;stare miasto
44.0;2500.0;2022-10-18;śródka
44.0;2000.0;2022-10-18;rataje
46.0;2800.0;2022-10-18;jeżyce
54.61;2500.0;2022-10-18;grunwald
27.0;1600.0;2022-10-18;dębiec
38.0;1800.0;2022-10-18;winogrady
40.0;2500.0;2022-10-18;łacina
48.0;1699.0;2022-10-18;warszawskie
52.0;1900.0;2022-10-18;grunwald
44.0;2200.0;2022-10-18;piątkowo
35.0;1700.0;2022-10-18;jeżyce
47.0;2900.0;2022-10-18;warszawskie
110.0;875.0;2022-10-18;stare miasto
69.0;2100.0;2022-10-18;winogrady
33.0;2500.0;2022-10-18;jeżyce
48.0;2100.0;2022-10-18;rataje
50.0;1900.0;2022-10-17;stare miasto
41.5;1900.0;2022-10-17;winogrady
34.0;1600.0;2022-10-17;grunwald
25.0;6300.0;2022-10-17;stare miasto
34.5;1700.0;2022-10-17;sołacz
43.0;2300.0;2022-10-17;łacina
34.0;1400.0;2022-10-17;stare miasto
44.0;2300.0;2022-10-17;jeżyce
35.0;2000.0;2022-10-17;strzeszyn
39.0;2100.0;2022-10-17;dębiec
65.0;2300.0;2022-10-17;winogrady
16.0;1000.0;2022-10-17;łazarz
28.0;1300.0;2022-10-17;rataje
45.0;2900.0;2022-10-17;jeżyce
39.0;2000.0;2022-10-17;jeżyce
60.0;3500.0;2022-10-17;łazarz
39.0;2580.0;2022-10-17;jeżyce
36.0;1600.0;2022-10-17;jeżyce
64.0;2900.0;2022-10-17;junikowo
20.0;4200.0;2022-10-17;grunwald
38.0;1500.0;2022-10-17;wilda
32.0;2500.0;2022-10-17;starołęka
19.0;1800.0;2022-10-17;wilda
47.0;2100.0;2022-10-17;ogrody
27.0;1700.0;2022-10-17;wilda
7.0;800.0;2022-10-17;piątkowo
79.5;3300.0;2022-10-17;naramowice
50.0;2200.0;2022-10-17;naramowice
30.0;1100.0;2022-10-17;śródka
33.0;1800.0;2022-10-17;naramowice
52.0;3200.0;2022-10-17;stare miasto
64.0;2500.0;2022-10-17;górczyn
35.0;1700.0;2022-10-17;grunwald
45.0;2500.0;2022-10-17;winogrady
46.0;2000.0;2022-10-17;naramowice
30.0;2000.0;2022-10-17;dębiec
75.0;3500.0;2022-10-17;wilda
67.0;2800.0;2022-10-17;jeżyce
47.0;2400.0;2022-10-17;wilda
48.0;3000.0;2022-10-17;rataje
51.0;2800.0;2022-10-17;jeżyce
36.0;1700.0;2022-10-17;jeżyce
60.0;2300.0;2022-10-16;warszawskie
31.0;1800.0;2022-10-16;grunwald
42.0;2700.0;2022-10-16;rataje
64.0;2400.0;2022-10-16;winogrady
47.0;3300.0;2022-10-16;warszawskie
49.0;2600.0;2022-10-16;górczyn
42.0;2400.0;2022-10-16;naramowice
51.0;2500.0;2022-10-16;piątkowo
27.0;1000.0;2022-10-16;ogrody
54.0;2500.0;2022-10-16;górczyn
31.0;2000.0;2022-10-16;rataje
58.5;3500.0;2022-10-16;rataje
32.0;1750.0;2022-10-16;grunwald
54.0;2300.0;2022-10-16;wilda
46.0;1800.0;2022-10-16;stare miasto
26.5;1500.0;2022-10-16;winogrady
12.0;900.0;2022-10-16;sołacz
33.0;1700.0;2022-10-16;ławica
75.0;2800.0;2022-10-16;stare miasto
24.0;1500.0;2022-10-16;łazarz
50.0;2800.0;2022-10-16;winiary
74.0;3000.0;2022-10-16;stare miasto
47.0;2500.0;2022-10-16;jeżyce
50.0;900.0;2022-10-15;wilda
43.0;2100.0;2022-10-15;podolany
47.0;2000.0;2022-10-15;winogrady
25.0;1900.0;2022-10-15;komandoria
45.0;2400.0;2022-10-15;podolany
57.0;2500.0;2022-10-15;chartowo
58.0;3500.0;2022-10-15;stare miasto
68.0;3100.0;2022-10-15;szczepankowo
50.0;2100.0;2022-10-15;stare miasto
46.0;1700.0;2022-10-15;grunwald
56.0;2650.0;2022-10-15;naramowice
84.0;6500.0;2022-10-15;śródka
32.0;2300.0;2022-10-15;jeżyce
25.0;1000.0;2022-10-15;stare miasto
39.0;2100.0;2022-10-15;naramowice
27.2;1500.0;2022-10-15;warszawskie
52.0;2500.0;2022-10-15;rataje
47.0;2800.0;2022-10-15;wilda
41.0;1800.0;2022-10-15;górczyn
48.7;390000.0;2022-10-15;winogrady
32.0;2000.0;2022-10-15;winogrady
28.0;1400.0;2022-10-15;winogrady
39.0;1900.0;2022-10-15;piątkowo
20.0;500.0;2022-10-15;dębiec
100.0;1600.0;2022-10-15;wilda
38.0;2500.0;2022-10-15;jeżyce
44.0;1800.0;2022-10-15;rataje
41.0;3000.0;2022-10-15;rataje
36.0;1600.0;2022-10-15;starołęka
55.0;2600.0;2022-10-15;podolany
70.0;5500.0;2022-10-15;stare miasto
66.0;3600.0;2022-10-15;piątkowo
37.6;1999.0;2022-10-15;rataje
38.0;1900.0;2022-10-15;jeżyce
25.0;1800.0;2022-10-15;winiary
75.0;4000.0;2022-10-14;stare miasto
42.0;2200.0;2022-10-14;smochowice
36.0;2600.0;2022-10-14;jeżyce
36.0;1800.0;2022-10-14;warszawskie
53.5;2600.0;2022-10-14;chartowo
45.5;2199.0;2022-10-14;smochowice
36.3;3000.0;2022-10-14;rataje
49.6;2500.0;2022-10-14;stare miasto
52.0;2300.0;2022-10-14;piątkowo
32.0;2150.0;2022-10-14;śródka
37.0;1800.0;2022-10-14;śródka
50.0;2500.0;2022-10-14;górczyn
45.7;1600.0;2022-10-14;górczyn
26.0;1800.0;2022-10-14;jeżyce
42.0;2500.0;2022-10-14;jeżyce
50.0;2300.0;2022-10-14;komandoria
38.0;1800.0;2022-10-14;winogrady
31.8;1500.0;2022-10-14;piątkowo
44.2;2200.0;2022-10-14;górczyn
38.0;2500.0;2022-10-14;rataje
31.0;1400.0;2022-10-14;górczyn
29.0;1950.0;2022-10-14;wilda
38.0;2000.0;2022-10-14;winogrady
47.0;2950.0;2022-10-14;stare miasto
40.0;3000.0;2022-10-14;komandoria
42.0;1200.0;2022-10-14;winogrady
73.0;3300.0;2022-10-14;łacina
65.0;2800.0;2022-10-14;łacina
40.0;2000.0;2022-10-14;sołacz
39.0;1800.0;2022-10-14;winogrady
30.0;1550.0;2022-10-14;junikowo
50.0;2500.0;2022-10-14;grunwald
60.0;2400.0;2022-10-14;łazarz
34.0;2100.0;2022-10-14;łazarz
50.0;1500.0;2022-10-13;naramowice
36.0;2200.0;2022-10-13;grunwald
48.0;2300.0;2022-10-13;chartowo
40.0;1900.0;2022-10-13;grunwald
40.0;2000.0;2022-10-13;sołacz
45.0;2200.0;2022-10-13;łazarz
42.3;1650.0;2022-10-13;stare miasto
45.0;1850.0;2022-10-13;chartowo
49.0;2500.0;2022-10-13;piątkowo
50.0;1999.0;2022-10-13;jeżyce
66.0;3000.0;2022-10-13;łazarz
35.0;1750.0;2022-10-13;łacina
42.0;2100.0;2022-10-13;jeżyce
30.0;2200.0;2022-10-13;jeżyce
50.0;2100.0;2022-10-13;szczepankowo
42.0;1900.0;2022-10-13;grunwald
53.0;2300.0;2022-10-13;rataje
45.0;2000.0;2022-10-13;łazarz
64.0;2300.0;2022-10-13;strzeszyn
55.0;2250.0;2022-10-13;górczyn
36.78;2200.0;2022-10-13;rataje
62.0;2499.0;2022-10-13;łazarz
40.0;2000.0;2022-10-13;winiary
40.0;2200.0;2022-10-13;piątkowo
38.0;2450.0;2022-10-13;jeżyce
73.0;3400.0;2022-10-13;grunwald
53.3;1800.0;2022-10-13;łacina
52.0;3000.0;2022-10-13;stare miasto
49.0;2100.0;2022-10-13;piątkowo
48.0;2100.0;2022-10-13;piątkowo
48.0;2200.0;2022-10-13;jeżyce
36.0;1400.0;2022-10-13;dębiec
50.0;2780.0;2022-10-13;rataje
48.0;2150.0;2022-10-13;jeżyce
72.0;3000.0;2022-10-13;wilda
82.0;2600.0;2022-10-13;junikowo
120.0;10000.0;2022-10-13;wilda
70.0;2000.0;2022-10-13;jeżyce
49.0;2400.0;2022-10-13;strzeszyn
110.0;2900.0;2022-10-13;naramowice
30.7;1350.0;2022-10-13;stare miasto
32.0;1500.0;2022-10-13;jeżyce
65.0;2600.0;2022-10-13;stare miasto
50.0;2000.0;2022-10-13;strzeszyn
53.0;2000.0;2022-10-13;stare miasto
71.0;7500.0;2022-10-13;grunwald
40.0;1650.0;2022-10-13;stare miasto
50.44;2500.0;2022-10-13;grunwald
67.0;2200.0;2022-10-13;wilda
39.0;2300.0;2022-10-12;grunwald
39.0;2300.0;2022-10-12;stare miasto
30.0;1600.0;2022-10-12;wilda
40.0;2000.0;2022-10-12;winiary
50.0;2500.0;2022-10-12;strzeszyn
25.0;800.0;2022-10-12;wilda
33.0;2200.0;2022-10-12;ogrody
89.0;4000.0;2022-10-12;wilda
68.0;3700.0;2022-10-12;stare miasto
38.0;2300.0;2022-10-12;wilda
44.0;2400.0;2022-10-12;chartowo
17.0;800.0;2022-10-12;chartowo
48.0;1700.0;2022-10-12;jeżyce
54.0;1800.0;2022-10-12;piątkowo
10.0;80.0;2022-10-12;chartowo
38.3;2200.0;2022-10-12;winogrady
30.0;1500.0;2022-10-12;winogrady
43.0;2150.0;2022-10-12;chartowo
100.0;3000.0;2022-10-12;łazarz
40.0;2000.0;2022-10-12;winogrady
30.0;1800.0;2022-10-12;rataje
28.0;1800.0;2022-10-12;sołacz
47.0;2500.0;2022-10-12;grunwald
45.0;1200.0;2022-10-12;łazarz
54.0;2200.0;2022-10-12;piątkowo
27.0;1750.0;2022-10-12;sołacz
28.0;1400.0;2022-10-12;sołacz
48.0;2200.0;2022-10-12;łazarz
38.0;1980.0;2022-10-12;stare miasto
31.0;1800.0;2022-10-12;warszawskie
35.0;2200.0;2022-10-12;grunwald
30.0;1600.0;2022-10-12;wilda
53.5;2500.0;2022-10-12;wilda
28.0;2150.0;2022-10-12;wilda
63.0;2870.0;2022-10-12;grunwald
39.0;2000.0;2022-10-12;stare miasto
65.0;2800.0;2022-10-12;junikowo
51.0;2500.0;2022-10-12;wilda
45.0;2400.0;2022-10-12;junikowo
50.0;2600.0;2022-10-12;dębiec
36.0;2000.0;2022-10-11;rataje
48.0;2600.0;2022-10-11;szczepankowo
48.0;2550.0;2022-10-11;grunwald
81.0;935.0;2022-10-11;wilda
81.33;935.3;2022-10-11;wilda
58.0;2100.0;2022-10-11;warszawskie
30.0;1700.0;2022-10-11;naramowice
40.0;2500.0;2022-10-11;łazarz
45.13;2300.0;2022-10-11;naramowice
38.0;2400.0;2022-10-11;rataje
34.0;1775.0;2022-10-11;jeżyce
106.8;1280.0;2022-10-11;wilda
65.0;2800.0;2022-10-11;jeżyce
51.0;2200.0;2022-10-11;piątkowo
48.0;2400.0;2022-10-11;stare miasto
47.0;1600.0;2022-10-11;winogrady
48.0;2500.0;2022-10-11;piątkowo
44.0;2000.0;2022-10-11;rataje
34.0;2300.0;2022-10-11;rataje
32.0;1400.0;2022-10-11;winogrady
43.0;2300.0;2022-10-11;grunwald
58.0;3500.0;2022-10-11;wilda
55.0;2400.0;2022-10-11;winiary
73.0;2700.0;2022-10-11;piątkowo
49.0;2200.0;2022-10-11;sołacz
40.0;1800.0;2022-10-11;górczyn
40.0;2000.0;2022-10-10;winiary
25.0;1399.0;2022-10-10;chartowo
50.0;2500.0;2022-10-10;grunwald
52.0;3200.0;2022-10-10;winogrady
50.0;1700.0;2022-10-10;piątkowo
62.3;2500.0;2022-10-10;warszawskie
59.0;2550.0;2022-10-10;piątkowo
40.0;1800.0;2022-10-10;chartowo
31.0;2700.0;2022-10-10;łacina
48.0;3000.0;2022-10-10;rataje
30.0;1200.0;2022-10-10;jeżyce
38.0;1600.0;2022-10-10;rataje
37.5;2300.0;2022-10-10;rataje
39.0;2000.0;2022-10-10;wilda
29.0;1900.0;2022-10-10;stare miasto
50.5;2600.0;2022-10-10;grunwald
46.0;2000.0;2022-10-10;dębiec
50.0;2050.0;2022-10-10;rataje
48.0;2500.0;2022-10-10;rataje
58.6;230.0;2022-10-10;chartowo
28.0;1500.0;2022-10-10;junikowo
75.0;2500.0;2022-10-10;górczyn
48.0;1800.0;2022-10-10;wilda
64.0;2600.0;2022-10-10;jeżyce
32.0;1800.0;2022-10-10;jeżyce
31.0;1600.0;2022-10-10;naramowice
15.0;2000.0;2022-10-10;stare miasto
52.0;1400.0;2022-10-10;ogrody
15.0;900.0;2022-10-10;grunwald
92.0;3500.0;2022-10-10;grunwald
28.0;1700.0;2022-10-10;jeżyce
55.0;2500.0;2022-10-10;smochowice
74.0;2800.0;2022-10-10;piątkowo
45.0;3200.0;2022-10-10;stare miasto
28.3;1400.0;2022-10-10;grunwald
61.0;3199.0;2022-10-10;chartowo
38.0;1500.0;2022-10-10;winogrady
40.0;2350.0;2022-10-10;stare miasto
38.0;1750.0;2022-10-10;ogrody
64.0;1850.0;2022-10-10;piątkowo
62.0;2000.0;2022-10-10;wilda
53.0;2500.0;2022-10-10;winogrady
47.0;2700.0;2022-10-10;łacina
70.0;3200.0;2022-10-10;stare miasto
38.0;1470.0;2022-10-10;smochowice
61.0;2800.0;2022-10-10;chartowo
41.0;3000.0;2022-10-10;jeżyce
96.0;3850.0;2022-10-10;chartowo
70.0;2900.0;2022-10-10;winogrady
38.0;1800.0;2022-10-10;górczyn
31.0;1800.0;2022-10-10;wilda
38.0;1800.0;2022-10-09;warszawskie
32.0;2600.0;2022-10-09;stare miasto
34.0;700.0;2022-10-09;rataje
42.0;2300.0;2022-10-09;grunwald
68.0;5500.0;2022-10-09;stare miasto
32.0;1000.0;2022-10-09;starołęka
20.0;6000.0;2022-10-09;stare miasto
33.0;2300.0;2022-10-09;dębiec
57.0;1850.0;2022-10-09;winogrady
40.0;3000.0;2022-10-09;rataje
54.0;3200.0;2022-10-09;wilda
35.0;2300.0;2022-10-09;piątkowo
20.0;1500.0;2022-10-09;junikowo
33.0;1899.0;2022-10-09;jeżyce
56.6;2300.0;2022-10-09;jeżyce
35.0;1800.0;2022-10-09;łazarz
37.0;2000.0;2022-10-09;winiary
1.0;1600.0;2022-10-09;chartowo
53.0;2700.0;2022-10-09;grunwald
62.0;3250.0;2022-10-09;rataje
38.0;2000.0;2022-10-09;winogrady
20.0;1650.0;2022-10-09;łacina
48.0;1800.0;2022-10-09;wilda
48.0;2800.0;2022-10-09;stare miasto
100.0;4000.0;2022-10-09;stare miasto
47.0;2300.0;2022-10-09;winiary
50.0;2300.0;2022-10-09;jeżyce
44.0;800.0;2022-10-09;łazarz
65.0;2200.0;2022-10-09;grunwald
40.0;1900.0;2022-10-09;jeżyce
80.0;650.0;2022-10-09;junikowo
41.0;2250.0;2022-10-09;stare miasto
73.0;3300.0;2022-10-08;łazarz
30.0;1850.0;2022-10-08;smochowice
64.0;4500.0;2022-10-08;stare miasto
48.0;2600.0;2022-10-08;winogrady
29.0;1700.0;2022-10-08;łazarz
80.0;2000.0;2022-10-08;naramowice
52.0;2000.0;2022-10-08;stare miasto
48.0;2200.0;2022-10-08;winogrady
73.0;3000.0;2022-10-08;rataje
72.0;2799.0;2022-10-08;łazarz
37.0;2200.0;2022-10-08;ogrody
14.0;800.0;2022-10-08;winogrady
41.1;2600.0;2022-10-08;jeżyce
47.9;2650.0;2022-10-08;naramowice
53.0;2200.0;2022-10-08;grunwald
49.0;2600.0;2022-10-08;jeżyce
40.42;1900.0;2022-10-08;naramowice
87.0;4000.0;2022-10-08;wilda
15.0;1400.0;2022-10-08;grunwald
65.0;3000.0;2022-10-08;łazarz
67.0;3850.0;2022-10-08;stare miasto
60.0;3000.0;2022-10-08;górczyn
36.0;1500.0;2022-10-08;jeżyce
28.0;1600.0;2022-10-08;wilda
65.0;2400.0;2022-10-08;stare miasto
37.0;2200.0;2022-10-08;dębiec
40.0;2000.0;2022-10-08;podolany
48.0;2400.0;2022-10-08;winogrady
27.0;2000.0;2022-10-08;stare miasto
18.0;1000.0;2022-10-08;jeżyce
45.0;4000.0;2022-10-08;dębiec
38.0;2700.0;2022-10-08;łacina
51.49;2850.0;2022-10-08;jeżyce
37.0;2300.0;2022-10-08;dębiec
32.0;1700.0;2022-10-08;grunwald
29.0;1500.0;2022-10-07;naramowice
56.8;4000.0;2022-10-07;naramowice
60.0;2900.0;2022-10-07;chartowo
49.0;2900.0;2022-10-07;jeżyce
42.0;3000.0;2022-10-07;wilda
52.0;2700.0;2022-10-07;chartowo
25.0;1549.0;2022-10-07;wilda
39.5;1450.0;2022-10-07;górczyn
46.0;1900.0;2022-10-07;winogrady
80.0;6700.0;2022-10-07;ogrody
50.0;3000.0;2022-10-07;warszawskie
50.0;1800.0;2022-10-07;naramowice
25.0;1300.0;2022-10-07;ogrody
71.0;3100.0;2022-10-07;łazarz
46.0;1800.0;2022-10-07;winogrady
39.0;2000.0;2022-10-07;winiary
80.0;1900.0;2022-10-07;naramowice
49.2;1700.0;2022-10-07;piątkowo
45.0;1900.0;2022-10-07;piątkowo
67.0;2400.0;2022-10-07;naramowice
47.0;2000.0;2022-10-07;piątkowo
66.0;2400.0;2022-10-07;warszawskie
34.0;2100.0;2022-10-07;piątkowo
40.0;1800.0;2022-10-07;winiary
25.0;2000.0;2022-10-07;stare miasto
29.0;2100.0;2022-10-07;komandoria
65.0;3900.0;2022-10-07;podolany
51.0;2200.0;2022-10-07;chartowo
44.0;2900.0;2022-10-07;stare miasto
54.0;1800.0;2022-10-07;wilda
58.0;2600.0;2022-10-07;wilda
30.0;1900.0;2022-10-07;komandoria
54.0;2250.0;2022-10-07;piątkowo
32.0;1100.0;2022-10-07;winogrady
140.0;6000.0;2022-10-07;łazarz
38.0;2400.0;2022-10-07;rataje
52.0;6000.0;2022-10-06;stare miasto
63.0;2200.0;2022-10-06;piątkowo
49.0;1800.0;2022-10-06;piątkowo
38.0;1300.0;2022-10-06;rataje
63.0;2400.0;2022-10-06;piątkowo
83.0;2900.0;2022-10-06;rataje
44.4;2000.0;2022-10-06;wilda
30.0;1900.0;2022-10-06;wilda
38.0;2000.0;2022-10-06;rataje
63.0;1300.0;2022-10-06;piątkowo
40.0;2400.0;2022-10-06;jeżyce
50.0;2500.0;2022-10-06;grunwald
42.0;2400.0;2022-10-06;piątkowo
64.0;3200.0;2022-10-06;naramowice
44.0;2200.0;2022-10-06;naramowice
25.0;1500.0;2022-10-06;wilda
40.0;3000.0;2022-10-06;naramowice
62.0;1600.0;2022-10-06;wilda
40.8;2000.0;2022-10-06;naramowice
40.0;2300.0;2022-10-06;rataje
56.9;2600.0;2022-10-06;wilda
26.0;1500.0;2022-10-06;wilda
44.0;2300.0;2022-10-06;śródka
42.0;2500.0;2022-10-06;rataje
40.0;2300.0;2022-10-06;winogrady
49.0;2000.0;2022-10-06;rataje
65.0;2000.0;2022-10-06;piątkowo
30.0;2000.0;2022-10-06;stare miasto
25.0;1300.0;2022-10-06;winogrady
38.0;1800.0;2022-10-06;śródka
57.0;1800.0;2022-10-06;winogrady
33.0;2170.0;2022-10-05;podolany
24.0;1650.0;2022-10-05;jeżyce
28.0;1800.0;2022-10-05;komandoria
40.0;2700.0;2022-10-05;górczyn
35.0;2500.0;2022-10-05;jeżyce
28.0;1500.0;2022-10-05;górczyn
16.0;900.0;2022-10-05;grunwald
25.0;1600.0;2022-10-05;grunwald
49.0;1800.0;2022-10-05;jeżyce
44.0;2800.0;2022-10-05;łacina
46.0;2000.0;2022-10-05;stare miasto
50.0;2500.0;2022-10-05;stare miasto
56.0;2500.0;2022-10-05;winogrady
33.0;2250.0;2022-10-05;podolany
25.0;800.0;2022-10-05;górczyn
54.0;2000.0;2022-10-05;wilda
60.0;2500.0;2022-10-05;piątkowo
60.0;2600.0;2022-10-05;piątkowo
50.26;2000.0;2022-10-05;grunwald
44.0;1500.0;2022-10-05;dębiec
52.0;2000.0;2022-10-05;winiary
41.0;1950.0;2022-10-05;stare miasto
61.0;2500.0;2022-10-05;wilda
43.0;3000.0;2022-10-05;stare miasto
48.0;2500.0;2022-10-05;jeżyce
42.0;2700.0;2022-10-05;rataje
22.0;1600.0;2022-10-05;stare miasto
32.2;1500.0;2022-10-05;piątkowo
36.0;2200.0;2022-10-05;rataje
16.0;763.0;2022-10-05;winogrady
46.0;2350.0;2022-10-05;dębiec
42.55;2400.0;2022-10-05;piątkowo
35.0;2400.0;2022-10-05;wilda
65.0;3100.0;2022-10-05;stare miasto
33.0;2150.0;2022-10-05;piątkowo
40.0;2000.0;2022-10-05;łazarz
25.0;2100.0;2022-10-05;górczyn
83.0;3600.0;2022-10-05;łacina
40.0;1800.0;2022-10-05;grunwald
83.0;3600.0;2022-10-03;rataje
47.0;2300.0;2022-10-03;chartowo
75.0;2600.0;2022-10-03;komandoria
40.0;2700.0;2022-10-03;stare miasto
58.23;2850.0;2022-10-03;grunwald
42.0;2800.0;2022-10-03;łacina
46.0;2200.0;2022-10-03;podolany
28.0;1850.0;2022-10-03;łacina
25.0;1200.0;2022-10-03;rataje
37.0;2200.0;2022-10-03;rataje
42.0;1980.0;2022-10-03;górczyn
73.0;2500.0;2022-10-03;piątkowo
36.0;2400.0;2022-10-03;grunwald
48.0;2300.0;2022-10-03;piątkowo
51.0;2900.0;2022-10-03;wilda
45.0;2500.0;2022-10-03;jeżyce
73.0;2700.0;2022-10-03;piątkowo
49.0;1750.0;2022-10-03;wilda
45.0;2400.0;2022-10-03;stare miasto
40.0;2300.0;2022-10-03;winogrady
48.0;2200.0;2022-10-03;stare miasto
63.0;3300.0;2022-10-03;jeżyce
54.0;2200.0;2022-10-03;podolany
29.55;2200.0;2022-10-03;komandoria
17.0;1600.0;2022-10-03;stare miasto
49.0;2000.0;2022-10-03;łacina
48.0;2200.0;2022-10-03;grunwald
50.0;2400.0;2022-10-03;naramowice
38.0;2000.0;2022-10-03;górczyn
48.0;2000.0;2022-10-03;winogrady
46.5;3100.0;2022-10-03;łazarz
47.0;1200.0;2022-10-03;stare miasto
38.0;2200.0;2022-10-03;winogrady
33.0;2000.0;2022-10-03;stare miasto
21.8;471.26;2022-10-03;naramowice
42.0;2300.0;2022-10-03;smochowice
35.0;2700.0;2022-10-03;rataje
62.0;2300.0;2022-10-03;piątkowo
38.0;1800.0;2022-10-03;grunwald
33.0;1850.0;2022-10-03;jeżyce
50.0;2000.0;2022-10-03;grunwald
45.0;2800.0;2022-10-03;rataje
57.0;3000.0;2022-10-03;łacina
62.0;1680.0;2022-10-03;grunwald
53.0;2400.0;2022-10-03;chartowo
50.0;2000.0;2022-10-03;grunwald
54.0;1890.0;2022-10-03;łazarz
38.0;2350.0;2022-10-03;piątkowo
54.0;2300.0;2022-10-03;chartowo
49.0;2750.0;2022-10-03;wilda
15.0;1400.0;2022-10-03;starołęka
40.0;2200.0;2022-10-03;wilda
32.0;2000.0;2022-10-03;naramowice
48.5;2500.0;2022-10-03;górczyn
56.0;2500.0;2022-10-03;sołacz
62.0;1900.0;2022-10-03;rataje
50.0;2000.0;2022-10-03;wilda
35.0;2390.0;2022-10-03;stare miasto
37.0;2100.0;2022-10-03;rataje
51.0;2600.0;2022-10-03;grunwald
49.0;2000.0;2022-10-03;piątkowo
54.0;250.0;2022-10-03;dębiec
47.0;2700.0;2022-10-03;winogrady
34.0;2300.0;2022-10-03;grunwald
48.0;1400.0;2022-10-03;starołęka
21.0;1600.0;2022-10-03;grunwald
47.0;3000.0;2022-10-03;grunwald
41.0;2000.0;2022-10-03;naramowice
61.0;2750.0;2022-10-03;junikowo
40.0;2300.0;2022-10-03;winogrady
40.0;1400.0;2022-10-03;chartowo
43.0;1750.0;2022-10-03;grunwald
39.0;2300.0;2022-10-03;wilda
35.26;2590.0;2022-10-03;łacina
47.28;2550.0;2022-10-03;naramowice
20.0;1500.0;2022-10-02;stare miasto
36.0;2000.0;2022-10-02;ogrody
33.0;1200.0;2022-10-02;junikowo
25.4;1650.0;2022-10-02;łazarz
50.0;2300.0;2022-10-02;stare miasto
32.0;1800.0;2022-10-02;stare miasto
38.0;1900.0;2022-10-02;łazarz
34.0;1600.0;2022-10-02;piątkowo
32.0;2250.0;2022-10-02;piątkowo
59.0;2000.0;2022-10-02;grunwald
47.0;2500.0;2022-10-02;ławica
29.0;2000.0;2022-10-02;łazarz
55.0;2400.0;2022-10-02;wilda
18.0;1600.0;2022-10-02;rataje
47.0;2000.0;2022-10-02;winogrady
45.0;2800.0;2022-10-02;stare miasto
47.0;1800.0;2022-10-02;rataje
70.0;3200.0;2022-10-02;chartowo
63.0;3000.0;2022-10-02;stare miasto
40.0;2000.0;2022-10-02;sołacz
44.0;1400.0;2022-10-02;jeżyce
40.3;3000.0;2022-10-02;jeżyce
53.0;2490.0;2022-10-02;stare miasto
32.0;1500.0;2022-10-02;stare miasto
50.0;2300.0;2022-10-02;naramowice
35.0;1850.0;2022-10-02;wilda
38.0;2100.0;2022-10-02;grunwald
42.0;3200.0;2022-10-02;jeżyce
27.0;1900.0;2022-10-02;naramowice
20.0;1790.0;2022-10-02;stare miasto
58.0;2500.0;2022-10-02;górczyn
38.9;2330.0;2022-10-02;jeżyce
45.0;2600.0;2022-10-02;grunwald
47.7;1600.0;2022-10-02;winiary
80.0;2750.0;2022-10-02;jeżyce
37.6;2299.0;2022-10-02;rataje
63.0;3200.0;2022-10-02;chartowo
38.0;2300.0;2022-10-01;winogrady
40.0;2500.0;2022-10-01;rataje
47.0;2000.0;2022-10-01;piątkowo
42.0;2000.0;2022-10-01;chartowo
50.6;2200.0;2022-10-01;dębiec
40.0;1800.0;2022-10-01;jeżyce
37.0;2000.0;2022-10-01;jeżyce
30.0;1400.0;2022-10-01;piątkowo
58.0;3500.0;2022-10-01;łazarz
38.0;2200.0;2022-10-01;jeżyce
44.0;2100.0;2022-10-01;jeżyce
47.0;2000.0;2022-10-01;piątkowo
45.0;2000.0;2022-10-01;naramowice
56.0;3000.0;2022-10-01;winogrady
12.0;1000.0;2022-10-01;piątkowo
105.0;8000.0;2022-10-01;komandoria
45.0;2700.0;2022-10-01;stare miasto
68.0;3100.0;2022-10-01;stare miasto
57.0;1200.0;2022-10-01;jeżyce
65.0;2700.0;2022-10-01;piątkowo
43.07;2000.0;2022-10-01;jeżyce
50.0;1400.0;2022-10-01;ławica
10.0;400.0;2022-10-01;stare miasto
43.0;2600.0;2022-10-01;jeżyce
60.0;2200.0;2022-10-01;naramowice
48.0;1900.0;2022-10-01;piątkowo
53.0;1900.0;2022-10-01;winogrady
55.0;1600.0;2022-10-01;stare miasto
60.0;2300.0;2022-10-01;stare miasto
83.0;2900.0;2022-10-01;rataje
46.0;1900.0;2022-10-01;łazarz
32.0;1000.0;2022-10-01;grunwald
77.0;2900.0;2022-10-01;rataje
30.0;2000.0;2022-10-01;stare miasto
43.0;2100.0;2022-10-01;naramowice
50.0;2200.0;2022-10-01;łazarz
76.0;5000.0;2022-10-01;piątkowo
38.0;2500.0;2022-10-01;łacina
38.0;2200.0;2022-10-01;rataje
65.0;2400.0;2022-10-01;łacina
60.0;2400.0;2022-10-01;jeżyce
36.0;1800.0;2022-10-01;winiary
45.5;1700.0;2022-10-01;grunwald
45.0;2000.0;2022-10-01;stare miasto
34.0;1700.0;2022-10-01;naramowice
36.0;2300.0;2022-10-01;wilda
55.0;3100.0;2022-10-01;jeżyce
18.0;900.0;2022-10-01;winogrady
40.0;3000.0;2022-10-01;rataje
39.0;1800.0;2022-10-01;dębiec
42.0;2200.0;2022-09-30;grunwald
47.0;1800.0;2022-09-30;winiary
49.0;1900.0;2022-09-30;winogrady
55.0;3199.0;2022-09-30;łacina
33.0;1499.0;2022-09-30;śródka
74.0;2700.0;2022-09-30;piątkowo
38.0;2600.0;2022-09-30;grunwald
45.0;1800.0;2022-09-30;górczyn
44.0;2100.0;2022-09-30;chartowo
65.0;2300.0;2022-09-30;stare miasto
45.0;2100.0;2022-09-30;piątkowo
53.0;5999.0;2022-09-30;piątkowo
39.0;2100.0;2022-09-30;rataje
45.0;1950.0;2022-09-30;łazarz
45.0;2000.0;2022-09-30;rataje
44.0;2350.0;2022-09-30;stare miasto
49.0;2500.0;2022-09-30;rataje
25.0;2400.0;2022-09-30;jeżyce
29.0;1800.0;2022-09-30;jeżyce
54.0;2200.0;2022-09-30;łacina
56.0;2400.0;2022-09-30;komandoria
47.0;2200.0;2022-09-30;winogrady
60.0;2100.0;2022-09-30;starołęka
120.0;3300.0;2022-09-30;stare miasto
61.0;3300.0;2022-09-30;naramowice
38.0;2500.0;2022-09-30;rataje
24.0;1000.0;2022-09-30;łazarz
45.0;2200.0;2022-09-30;dębiec
40.0;2400.0;2022-09-30;grunwald
67.0;2950.0;2022-09-30;warszawskie
79.0;3600.0;2022-09-30;stare miasto
39.9;2000.0;2022-09-30;podolany
30.0;2100.0;2022-09-30;jeżyce
38.0;2000.0;2022-09-30;jeżyce
48.0;2200.0;2022-09-30;jeżyce
45.0;2500.0;2022-09-30;górczyn
65.0;2000.0;2022-09-29;piątkowo
55.0;2300.0;2022-09-29;stare miasto
40.0;2300.0;2022-09-29;naramowice
76.0;2590.0;2022-09-29;sołacz
35.0;1700.0;2022-09-29;winogrady
46.0;2200.0;2022-09-29;dębiec
42.0;2000.0;2022-09-29;piątkowo
70.0;1.0;2022-09-29;wilda
75.0;4200.0;2022-09-29;wilda
63.5;2400.0;2022-09-29;piątkowo
40.0;1200.0;2022-09-29;naramowice
64.0;4000.0;2022-09-29;dębiec
45.0;2300.0;2022-09-29;winogrady
48.5;2300.0;2022-09-29;chartowo
50.0;2300.0;2022-09-29;piątkowo
54.0;2200.0;2022-09-29;łazarz
32.0;2350.0;2022-09-29;piątkowo
53.0;2000.0;2022-09-29;grunwald
50.0;2200.0;2022-09-29;stare miasto
32.0;2600.0;2022-09-29;jeżyce
30.0;2300.0;2022-09-29;grunwald
27.0;1800.0;2022-09-29;winogrady
32.0;2200.0;2022-09-29;podolany
26.0;2000.0;2022-09-29;stare miasto
52.0;3000.0;2022-09-29;jeżyce
45.0;2900.0;2022-09-29;starołęka
20.0;1500.0;2022-09-29;górczyn
33.0;2000.0;2022-09-29;warszawskie
30.0;2000.0;2022-09-29;winogrady
35.0;1600.0;2022-09-29;grunwald
36.0;2500.0;2022-09-29;rataje
48.0;2700.0;2022-09-29;łacina
37.0;1500.0;2022-09-29;winiary
48.0;2900.0;2022-09-29;dębiec
55.0;2700.0;2022-09-29;stare miasto
142.63;10000.0;2022-09-29;grunwald
24.0;2000.0;2022-09-29;stare miasto
54.0;1000.0;2022-09-29;górczyn
41.6;1800.0;2022-09-29;stare miasto
40.0;2100.0;2022-09-29;podolany
50.0;2200.0;2022-09-29;stare miasto
33.0;2500.0;2022-09-29;jeżyce
36.0;2200.0;2022-09-29;rataje
38.0;1900.0;2022-09-29;winogrady
50.0;2800.0;2022-09-29;grunwald
47.0;2500.0;2022-09-29;naramowice
80.0;2700.0;2022-09-29;winiary
32.0;2250.0;2022-09-29;stare miasto
50.0;2000.0;2022-09-29;winiary
62.4;2500.0;2022-09-29;piątkowo
25.0;1700.0;2022-09-29;piątkowo
43.5;2400.0;2022-09-29;rataje
74.0;4000.0;2022-09-28;grunwald
38.0;1200.0;2022-09-28;winogrady
27.0;1500.0;2022-09-28;stare miasto
39.0;2100.0;2022-09-28;wilda
40.0;1800.0;2022-09-28;ławica
42.0;2700.0;2022-09-28;rataje
48.0;3000.0;2022-09-28;warszawskie
47.0;2200.0;2022-09-28;sołacz
54.25;3600.0;2022-09-28;łacina
40.0;1700.0;2022-09-28;stare miasto
43.0;500.0;2022-09-28;jeżyce
38.0;1900.0;2022-09-28;dębiec
35.95;2350.0;2022-09-28;jeżyce
43.0;2300.0;2022-09-28;junikowo
36.0;1650.0;2022-09-28;wilda
37.0;2200.0;2022-09-28;rataje
37.5;2200.0;2022-09-28;ogrody
74.0;2600.0;2022-09-28;śródka
38.0;2500.0;2022-09-28;winogrady
65.0;2700.0;2022-09-28;grunwald
46.0;1850.0;2022-09-28;stare miasto
26.2;2000.0;2022-09-28;jeżyce
38.0;1800.0;2022-09-28;ogrody
32.0;2500.0;2022-09-28;łazarz
46.0;2700.0;2022-09-28;rataje
60.0;2100.0;2022-09-28;piątkowo
22.0;1800.0;2022-09-28;stare miasto
58.0;2400.0;2022-09-28;rataje
45.0;1900.0;2022-09-28;wilda
30.0;1750.0;2022-09-28;sołacz
37.0;1800.0;2022-09-28;rataje
31.0;1800.0;2022-09-28;grunwald
48.0;1900.0;2022-09-28;stare miasto
46.0;2800.0;2022-09-28;stare miasto
65.0;3000.0;2022-09-28;dębiec
39.0;2600.0;2022-09-28;ogrody
43.0;2600.0;2022-09-28;ogrody
34.0;2000.0;2022-09-28;dębiec
13.0;800.0;2022-09-28;łazarz
33.0;1900.0;2022-09-28;jeżyce
48.1;2500.0;2022-09-28;warszawskie
45.0;2000.0;2022-09-28;piątkowo
49.0;2000.0;2022-09-28;piątkowo
45.0;1500.0;2022-09-28;naramowice
28.0;1700.0;2022-09-28;stare miasto
51.0;2000.0;2022-09-28;piątkowo
44.0;2200.0;2022-09-28;wilda
37.0;1900.0;2022-09-28;naramowice
40.0;1700.0;2022-09-28;łazarz
55.0;2500.0;2022-09-28;winogrady
55.0;2500.0;2022-09-28;wilda
58.0;3500.0;2022-09-28;ogrody
65.0;2900.0;2022-09-28;winogrady
50.0;2300.0;2022-09-28;naramowice
15.0;1500.0;2022-09-28;chartowo
38.0;2000.0;2022-09-28;rataje
74.0;2000.0;2022-09-28;śródka
57.0;2900.0;2022-09-28;wilda
20.0;2040.0;2022-09-28;stare miasto
38.2;1000.0;2022-09-28;winogrady
33.0;1600.0;2022-09-27;sołacz
36.0;2200.0;2022-09-27;wilda
47.0;2700.0;2022-09-27;stare miasto
32.0;2100.0;2022-09-27;wilda
70.0;6200.0;2022-09-27;stare miasto
50.0;2500.0;2022-09-27;grunwald
60.0;2400.0;2022-09-27;wilda
47.0;2300.0;2022-09-27;winogrady
77.5;1300.0;2022-09-27;stare miasto
38.5;2750.0;2022-09-27;rataje
46.0;2200.0;2022-09-27;rataje
55.0;3000.0;2022-09-27;wilda
35.0;2300.0;2022-09-27;rataje
49.0;2500.0;2022-09-27;komandoria
36.0;3000.0;2022-09-27;rataje
43.0;2500.0;2022-09-27;winogrady
56.0;2000.0;2022-09-27;piątkowo
130.0;4200.0;2022-09-27;stare miasto
50.1;2800.0;2022-09-27;grunwald
48.0;2500.0;2022-09-27;stare miasto
66.5;1800.0;2022-09-27;starołęka
26.0;1500.0;2022-09-27;komandoria
63.0;2800.0;2022-09-27;jeżyce
20.0;550.0;2022-09-27;grunwald
120.0;9999.0;2022-09-27;stare miasto
46.0;1800.0;2022-09-27;winogrady
25.0;400.0;2022-09-27;grunwald
28.0;1800.0;2022-09-27;naramowice
54.0;3000.0;2022-09-27;grunwald
40.0;2650.0;2022-09-27;rataje
48.0;2200.0;2022-09-27;naramowice
32.0;1500.0;2022-09-27;stare miasto
40.0;2800.0;2022-09-27;rataje
48.0;2600.0;2022-09-27;rataje
40.0;1500.0;2022-09-27;rataje
44.0;2500.0;2022-09-27;grunwald
42.0;2400.0;2022-09-27;grunwald
49.5;2300.0;2022-09-27;piątkowo
22.0;1600.0;2022-09-27;łazarz
54.0;3500.0;2022-09-27;wilda
48.0;2800.0;2022-09-27;rataje
39.0;2600.0;2022-09-27;łazarz
65.0;2300.0;2022-09-27;naramowice
41.0;2600.0;2022-09-27;wilda
75.0;4300.0;2022-09-27;strzeszyn
32.0;1900.0;2022-09-27;łacina
60.0;2200.0;2022-09-27;wilda
37.0;1800.0;2022-09-27;dębiec
52.0;2600.0;2022-09-27;stare miasto
36.0;2500.0;2022-09-27;rataje
45.0;1800.0;2022-09-27;grunwald
48.0;2300.0;2022-09-27;rataje
44.0;2500.0;2022-09-27;rataje
41.0;2500.0;2022-09-27;łacina
70.0;7000.0;2022-09-27;jeżyce
37.0;1300.0;2022-09-27;warszawskie
63.0;2700.0;2022-09-26;piątkowo
53.0;2200.0;2022-09-26;warszawskie
28.0;1800.0;2022-09-26;łazarz
63.3;4000.0;2022-09-26;piątkowo
35.6;2100.0;2022-09-26;jeżyce
41.0;2900.0;2022-09-26;rataje
39.0;2900.0;2022-09-26;grunwald
48.0;1200.0;2022-09-26;jeżyce
25.0;1600.0;2022-09-26;łazarz
90.0;3000.0;2022-09-26;warszawskie
71.03;3600.0;2022-09-26;jeżyce
59.0;3500.0;2022-09-26;łacina
51.0;3000.0;2022-09-26;grunwald
32.1;2500.0;2022-09-26;jeżyce
52.0;2300.0;2022-09-26;jeżyce
42.0;3000.0;2022-09-26;stare miasto
45.0;1800.0;2022-09-26;grunwald
55.0;950.0;2022-09-26;grunwald
34.0;2200.0;2022-09-26;winiary
58.0;2500.0;2022-09-26;górczyn
30.0;2000.0;2022-09-26;jeżyce
30.0;2300.0;2022-09-26;komandoria
60.0;2290.0;2022-09-26;piątkowo
33.0;2500.0;2022-09-26;rataje
43.0;2100.0;2022-09-26;grunwald
40.0;1200.0;2022-09-26;jeżyce
25.0;2000.0;2022-09-26;wilda
66.0;3300.0;2022-09-26;wilda
47.0;2300.0;2022-09-26;grunwald
40.0;1400.0;2022-09-26;piątkowo
35.0;2500.0;2022-09-26;stare miasto
60.0;2499.0;2022-09-26;piątkowo
48.0;2400.0;2022-09-26;winogrady
81.0;1300.0;2022-09-26;wilda
77.0;4200.0;2022-09-26;wilda
35.0;2000.0;2022-09-26;stare miasto
44.0;2400.0;2022-09-26;rataje
48.0;2300.0;2022-09-26;rataje
33.0;2500.0;2022-09-26;jeżyce
50.0;2500.0;2022-09-26;starołęka
60.0;2800.0;2022-09-26;grunwald
31.0;1600.0;2022-09-26;grunwald
26.0;1500.0;2022-09-26;łazarz
45.0;2400.0;2022-09-25;jeżyce
30.0;1900.0;2022-09-25;wilda
60.0;2500.0;2022-09-25;piątkowo
41.0;2500.0;2022-09-25;winogrady
50.0;2400.0;2022-09-25;stare miasto
40.0;2300.0;2022-09-25;winogrady
46.3;2300.0;2022-09-25;łacina
35.0;1700.0;2022-09-25;grunwald
48.0;2800.0;2022-09-25;chartowo
12.0;1400.0;2022-09-25;sołacz
57.0;2300.0;2022-09-25;piątkowo
50.0;2400.0;2022-09-25;naramowice
39.0;1800.0;2022-09-25;rataje
38.0;2000.0;2022-09-25;rataje
25.0;1700.0;2022-09-25;rataje
58.0;2500.0;2022-09-25;górczyn
45.0;2500.0;2022-09-25;chartowo
52.0;2250.0;2022-09-25;grunwald
40.0;3000.0;2022-09-25;ogrody
33.0;1500.0;2022-09-25;łazarz
38.0;1900.0;2022-09-25;grunwald
41.0;2100.0;2022-09-25;komandoria
42.0;2800.0;2022-09-25;jeżyce
57.0;2700.0;2022-09-25;wilda
56.0;2390.0;2022-09-25;górczyn
22.0;1700.0;2022-09-25;sołacz
64.0;2500.0;2022-09-25;komandoria
47.27;2400.0;2022-09-25;jeżyce
35.0;2500.0;2022-09-25;rataje
32.0;2000.0;2022-09-25;stare miasto
38.0;1800.0;2022-09-25;rataje
62.0;2300.0;2022-09-25;piątkowo
18.0;600.0;2022-09-25;grunwald
28.0;1700.0;2022-09-25;grunwald
30.0;1700.0;2022-09-25;piątkowo
32.0;2200.0;2022-09-25;podolany
48.0;2500.0;2022-09-25;chartowo
65.0;2200.0;2022-09-25;łazarz
42.0;2200.0;2022-09-25;jeżyce
32.0;1699.0;2022-09-25;winiary
30.0;1200.0;2022-09-24;sołacz
53.0;2300.0;2022-09-24;wilda
53.5;2300.0;2022-09-24;chartowo
48.0;1600.0;2022-09-24;stare miasto
70.0;2400.0;2022-09-24;grunwald
30.0;1800.0;2022-09-24;szczepankowo
62.0;3350.0;2022-09-24;rataje
47.0;2500.0;2022-09-24;rataje
45.0;1950.0;2022-09-24;wilda
38.0;2000.0;2022-09-24;podolany
52.3;3300.0;2022-09-24;wilda
37.0;1500.0;2022-09-24;jeżyce
30.0;1900.0;2022-09-24;rataje
31.0;1600.0;2022-09-24;piątkowo
24.65;1830.0;2022-09-24;jeżyce
53.5;3000.0;2022-09-24;chartowo
65.0;2500.0;2022-09-24;winogrady
43.0;3000.0;2022-09-24;chartowo
35.0;2100.0;2022-09-24;piątkowo
42.5;2450.0;2022-09-24;naramowice
72.0;1350.0;2022-09-24;grunwald
64.0;3000.0;2022-09-24;winogrady
54.0;2600.0;2022-09-24;grunwald
65.0;2400.0;2022-09-24;stare miasto
40.0;1600.0;2022-09-24;smochowice
69.8;1100.0;2022-09-23;stare miasto
45.0;1950.0;2022-09-23;grunwald
52.0;2900.0;2022-09-23;grunwald
43.0;2300.0;2022-09-23;łazarz
18.0;1400.0;2022-09-23;stare miasto
55.0;2100.0;2022-09-23;piątkowo
74.0;2399.0;2022-09-23;piątkowo
63.0;1670.0;2022-09-23;piątkowo
27.0;2300.0;2022-09-23;stare miasto
46.0;2200.0;2022-09-23;grunwald
70.0;2600.0;2022-09-23;jeżyce
42.0;2450.0;2022-09-23;grunwald
60.0;3000.0;2022-09-23;ogrody
53.0;2500.0;2022-09-23;chartowo
26.0;1900.0;2022-09-23;grunwald
38.0;1882.0;2022-09-23;rataje
57.0;3500.0;2022-09-23;grunwald
42.0;2500.0;2022-09-23;jeżyce
40.0;2500.0;2022-09-23;winogrady
56.0;2500.0;2022-09-23;grunwald
58.61;2600.0;2022-09-23;łazarz
45.0;1790.0;2022-09-23;łazarz
76.0;2600.0;2022-09-23;łazarz
45.0;1790.0;2022-09-23;łazarz
136.0;6000.0;2022-09-23;łazarz
41.0;2500.0;2022-09-23;naramowice
16.98;1500.0;2022-09-23;winiary
48.0;2300.0;2022-09-23;dębiec
52.0;2400.0;2022-09-23;naramowice
63.0;2800.0;2022-09-23;grunwald
40.0;2200.0;2022-09-23;jeżyce
51.0;2200.0;2022-09-23;podolany
60.0;5000.0;2022-09-23;łazarz
48.0;2300.0;2022-09-23;winogrady
20.0;1500.0;2022-09-22;strzeszyn
32.0;2000.0;2022-09-22;naramowice
35.0;2200.0;2022-09-22;stare miasto
22.0;1600.0;2022-09-22;grunwald
30.0;1500.0;2022-09-22;rataje
40.0;2500.0;2022-09-22;rataje
31.0;1750.0;2022-09-22;grunwald
56.0;2400.0;2022-09-22;komandoria
80.0;2200.0;2022-09-22;jeżyce
40.0;2200.0;2022-09-22;rataje
47.0;2500.0;2022-09-22;grunwald
58.0;2700.0;2022-09-22;chartowo
49.0;2400.0;2022-09-22;podolany
38.0;2100.0;2022-09-22;grunwald
50.0;2650.0;2022-09-22;łazarz
49.0;2600.0;2022-09-22;grunwald
54.0;2300.0;2022-09-22;wilda
44.0;2300.0;2022-09-22;rataje
25.0;2100.0;2022-09-22;łazarz
41.0;1900.0;2022-09-22;junikowo
47.0;2100.0;2022-09-22;ogrody
31.0;1800.0;2022-09-22;grunwald
57.0;2500.0;2022-09-22;jeżyce
40.0;2000.0;2022-09-22;łazarz
35.0;1700.0;2022-09-22;grunwald
27.0;1700.0;2022-09-22;grunwald
30.0;2500.0;2022-09-22;łacina
17.0;800.0;2022-09-22;piątkowo
51.0;2200.0;2022-09-22;warszawskie
26.0;1700.0;2022-09-22;sołacz
49.5;2400.0;2022-09-22;grunwald
45.5;2000.0;2022-09-22;piątkowo
40.0;1200.0;2022-09-22;stare miasto
64.0;2000.0;2022-09-22;starołęka
55.0;2100.0;2022-09-22;piątkowo
40.0;2200.0;2022-09-22;winogrady
39.5;1700.0;2022-09-22;warszawskie
95.0;2500.0;2022-09-22;stare miasto
53.0;2000.0;2022-09-22;wilda
41.0;2200.0;2022-09-22;rataje
48.0;1800.0;2022-09-22;winogrady
40.0;2100.0;2022-09-22;jeżyce
30.0;1750.0;2022-09-22;sołacz
30.0;1800.0;2022-09-22;podolany
30.0;1500.0;2022-09-22;sołacz
65.0;4000.0;2022-09-22;łazarz
26.0;1600.0;2022-09-22;grunwald
25.0;1900.0;2022-09-21;stare miasto
45.0;2700.0;2022-09-21;jeżyce
44.0;1550.0;2022-09-21;wilda
41.5;2300.0;2022-09-21;łacina
55.0;850.0;2022-09-21;jeżyce
48.0;2800.0;2022-09-21;łacina
38.0;1400.0;2022-09-21;stare miasto
33.0;1900.0;2022-09-21;grunwald
48.2;2200.0;2022-09-21;naramowice
40.0;1399.0;2022-09-21;winogrady
86.0;4130.0;2022-09-21;stare miasto
17.0;1090.0;2022-09-21;łazarz
36.64;2400.0;2022-09-21;ogrody
24.0;1500.0;2022-09-21;jeżyce
48.0;2300.0;2022-09-21;dębiec
32.0;1800.0;2022-09-21;rataje
49.0;1800.0;2022-09-21;jeżyce
50.0;2000.0;2022-09-21;łazarz
48.0;1700.0;2022-09-21;dębiec
27.0;2000.0;2022-09-21;łacina
27.0;1690.0;2022-09-21;łazarz
38.0;1950.0;2022-09-21;górczyn
40.0;2600.0;2022-09-21;grunwald
28.0;2200.0;2022-09-21;winogrady
35.0;3000.0;2022-09-21;jeżyce
32.6;1000.0;2022-09-21;dębiec
43.0;1500.0;2022-09-21;naramowice
49.0;1750.0;2022-09-21;górczyn
130.0;4400.0;2022-09-21;stare miasto
77.0;2200.0;2022-09-21;grunwald
32.0;1800.0;2022-09-21;stare miasto
33.3;2200.0;2022-09-21;wilda
44.0;2600.0;2022-09-21;ławica
37.0;1900.0;2022-09-21;wilda
41.0;2600.0;2022-09-21;jeżyce
50.0;2400.0;2022-09-21;rataje
21.0;2000.0;2022-09-21;komandoria
47.0;2190.0;2022-09-21;rataje
30.0;1900.0;2022-09-21;jeżyce
55.0;3000.0;2022-09-21;wilda
47.6;2500.0;2022-09-21;winogrady
50.0;2500.0;2022-09-21;górczyn
55.0;2400.0;2022-09-21;łacina
47.0;2800.0;2022-09-21;górczyn
44.0;2800.0;2022-09-21;jeżyce
47.0;2000.0;2022-09-21;jeżyce
66.0;3000.0;2022-09-21;grunwald
38.0;1600.0;2022-09-20;rataje
42.0;3500.0;2022-09-20;jeżyce
45.0;900.0;2022-09-20;warszawskie
43.0;2100.0;2022-09-20;chartowo
48.0;2100.0;2022-09-20;piątkowo
15.0;3000.0;2022-09-20;łazarz
43.0;2300.0;2022-09-20;piątkowo
35.0;2300.0;2022-09-20;podolany
39.0;1800.0;2022-09-20;winiary
88.0;4200.0;2022-09-20;wilda
37.0;1900.0;2022-09-20;dębiec
46.0;3000.0;2022-09-20;jeżyce
41.0;2400.0;2022-09-20;strzeszyn
47.0;2500.0;2022-09-20;winiary
31.0;2250.0;2022-09-20;jeżyce
58.0;2300.0;2022-09-20;łazarz
46.0;2500.0;2022-09-20;górczyn
52.0;2800.0;2022-09-20;grunwald
88.0;3000.0;2022-09-20;grunwald
51.0;2500.0;2022-09-20;górczyn
30.0;1500.0;2022-09-20;stare miasto
45.0;2500.0;2022-09-20;łacina
63.0;2500.0;2022-09-20;chartowo
45.0;2500.0;2022-09-20;jeżyce
30.0;1800.0;2022-09-20;górczyn
85.0;3000.0;2022-09-20;warszawskie
44.0;3000.0;2022-09-20;podolany
53.0;3100.0;2022-09-20;chartowo
49.0;1700.0;2022-09-20;dębiec
51.0;2550.0;2022-09-20;grunwald
29.0;2300.0;2022-09-20;rataje
56.0;3000.0;2022-09-20;grunwald
54.0;1300.0;2022-09-20;grunwald
51.0;2500.0;2022-09-20;górczyn
500.0;6500.0;2022-09-20;stare miasto
39.91;3000.0;2022-09-20;stare miasto
21.0;2200.0;2022-09-20;stare miasto
55.0;2700.0;2022-09-20;rataje
38.0;2500.0;2022-09-19;grunwald
37.0;2000.0;2022-09-19;ogrody
57.0;2950.0;2022-09-19;rataje
44.0;2800.0;2022-09-19;jeżyce
52.0;2000.0;2022-09-19;jeżyce
31.0;1700.0;2022-09-19;stare miasto
43.0;2100.0;2022-09-19;podolany
34.5;2000.0;2022-09-19;jeżyce
28.0;1700.0;2022-09-19;wilda
62.0;1000.0;2022-09-19;rataje
20.0;1600.0;2022-09-19;wilda
35.0;2300.0;2022-09-19;podolany
43.0;2500.0;2022-09-19;dębiec
51.0;2500.0;2022-09-19;rataje
52.0;2000.0;2022-09-19;jeżyce
35.0;2000.0;2022-09-19;chartowo
48.0;1600.0;2022-09-19;winogrady
50.0;2000.0;2022-09-19;stare miasto
33.0;2500.0;2022-09-19;piątkowo
30.0;1900.0;2022-09-19;jeżyce
31.0;1400.0;2022-09-19;rataje
33.0;1650.0;2022-09-19;starołęka
56.0;3000.0;2022-09-19;grunwald
42.0;2600.0;2022-09-19;stare miasto
52.0;2000.0;2022-09-19;jeżyce
45.0;2000.0;2022-09-19;grunwald
30.0;2500.0;2022-09-19;łazarz
44.0;1700.0;2022-09-19;stare miasto
34.0;1600.0;2022-09-18;chartowo
42.0;2800.0;2022-09-18;rataje
57.0;2800.0;2022-09-18;jeżyce
44.0;3400.0;2022-09-18;łazarz
36.0;2500.0;2022-09-18;piątkowo
56.0;3000.0;2022-09-18;grunwald
47.0;2400.0;2022-09-18;winogrady
33.0;1650.0;2022-09-18;łacina
52.0;3000.0;2022-09-18;grunwald
45.0;2300.0;2022-09-18;naramowice
51.0;2350.0;2022-09-18;winiary
47.0;5500.0;2022-09-18;wilda
47.2;2500.0;2022-09-18;wilda
38.0;1700.0;2022-09-18;winogrady
53.0;2000.0;2022-09-18;winogrady
41.0;2500.0;2022-09-18;stare miasto
38.0;1800.0;2022-09-18;chartowo
27.5;1800.0;2022-09-18;winogrady
55.0;2000.0;2022-09-18;piątkowo
38.0;1800.0;2022-09-18;grunwald
32.0;2200.0;2022-09-18;stare miasto
22.0;1400.0;2022-09-18;winogrady
35.0;1900.0;2022-09-18;grunwald
70.0;1200.0;2022-09-18;wilda
50.0;2300.0;2022-09-18;ogrody
40.0;2200.0;2022-09-18;winogrady
45.78;2700.0;2022-09-18;grunwald
40.0;1900.0;2022-09-18;sołacz
25.0;1000.0;2022-09-18;wilda
79.0;2300.0;2022-09-18;wilda
64.0;2400.0;2022-09-18;piątkowo
56.0;2300.0;2022-09-18;piątkowo
52.0;1900.0;2022-09-18;winogrady
54.0;2300.0;2022-09-18;strzeszyn
17.0;1500.0;2022-09-18;jeżyce
67.0;2500.0;2022-09-18;stare miasto
47.5;2250.0;2022-09-18;naramowice
15.5;850.0;2022-09-18;jeżyce
65.0;3000.0;2022-09-17;dębiec
66.0;2500.0;2022-09-17;rataje
36.0;2450.0;2022-09-17;łacina
29.6;1600.0;2022-09-17;podolany
50.0;2000.0;2022-09-17;rataje
47.0;1850.0;2022-09-17;winogrady
54.0;2400.0;2022-09-17;piątkowo
50.0;3000.0;2022-09-17;śródka
43.0;2200.0;2022-09-17;jeżyce
30.0;1600.0;2022-09-17;rataje
34.0;1600.0;2022-09-17;sołacz
38.0;1600.0;2022-09-17;wilda
49.0;2200.0;2022-09-17;rataje
48.0;2000.0;2022-09-17;wilda
30.0;1900.0;2022-09-17;junikowo
41.0;1800.0;2022-09-17;chartowo
40.5;2500.0;2022-09-17;komandoria
50.0;3500.0;2022-09-17;wilda
48.0;2600.0;2022-09-17;rataje
44.0;2500.0;2022-09-17;jeżyce
55.0;2700.0;2022-09-17;jeżyce
20.0;1600.0;2022-09-17;ogrody
117.0;4500.0;2022-09-17;jeżyce
38.0;2400.0;2022-09-17;stare miasto
48.0;1400.0;2022-09-17;grunwald
49.0;2500.0;2022-09-17;winogrady
33.0;1700.0;2022-09-17;grunwald
35.0;2700.0;2022-09-17;rataje
45.0;2300.0;2022-09-17;ogrody
31.0;1700.0;2022-09-17;stare miasto
59.0;2800.0;2022-09-17;komandoria
55.0;2800.0;2022-09-17;grunwald
60.0;3600.0;2022-09-17;grunwald
59.0;3200.0;2022-09-17;grunwald
47.0;2000.0;2022-09-17;piątkowo
80.0;2850.0;2022-09-17;stare miasto
64.0;2000.0;2022-09-17;grunwald
30.0;2100.0;2022-09-17;wilda
34.0;1900.0;2022-09-17;łazarz
60.0;2100.0;2022-09-17;rataje
51.0;2200.0;2022-09-17;chartowo
40.0;1800.0;2022-09-17;winiary
38.0;2400.0;2022-09-17;naramowice
49.5;1600.0;2022-09-17;junikowo
42.0;2300.0;2022-09-17;jeżyce
49.3;1500.0;2022-09-17;piątkowo
24.0;1700.0;2022-09-16;wilda
46.0;1600.0;2022-09-16;dębiec
47.0;2200.0;2022-09-16;warszawskie
36.0;1700.0;2022-09-16;wilda
54.0;2000.0;2022-09-16;stare miasto
45.0;1300.0;2022-09-16;łazarz
35.0;2200.0;2022-09-16;wilda
60.0;3200.0;2022-09-16;rataje
80.0;2600.0;2022-09-16;stare miasto
25.0;2100.0;2022-09-16;rataje
72.0;2800.0;2022-09-16;chartowo
32.0;1700.0;2022-09-16;piątkowo
41.0;2050.0;2022-09-16;górczyn
44.0;1890.0;2022-09-16;starołęka
57.0;2500.0;2022-09-16;grunwald
56.6;2500.0;2022-09-16;winogrady
38.0;2000.0;2022-09-16;jeżyce
55.0;2300.0;2022-09-16;naramowice
55.0;2500.0;2022-09-16;piątkowo
60.0;3100.0;2022-09-16;łazarz
47.0;2800.0;2022-09-16;piątkowo
46.5;2550.0;2022-09-16;wilda
47.0;2400.0;2022-09-16;grunwald
31.0;1500.0;2022-09-16;dębiec
32.0;2000.0;2022-09-16;wilda
28.0;1600.0;2022-09-16;podolany
65.0;2100.0;2022-09-16;piątkowo
34.0;2700.0;2022-09-16;stare miasto
27.0;1350.0;2022-09-16;stare miasto
35.0;1500.0;2022-09-16;warszawskie
64.0;3300.0;2022-09-16;piątkowo
20.0;1590.0;2022-09-16;grunwald
25.0;390.0;2022-09-16;wilda
80.0;1400.0;2022-09-16;górczyn
50.0;2500.0;2022-09-16;grunwald
55.0;2500.0;2022-09-16;wilda
36.8;2000.0;2022-09-16;warszawskie
120.0;3299.0;2022-09-16;grunwald
47.0;2100.0;2022-09-16;łazarz
47.0;2400.0;2022-09-16;naramowice
25.0;2100.0;2022-09-16;jeżyce
20.0;1400.0;2022-09-16;jeżyce
50.3;2300.0;2022-09-16;chartowo
16.0;1150.0;2022-09-16;grunwald
60.0;2600.0;2022-09-15;grunwald
45.0;2500.0;2022-09-15;stare miasto
51.0;2500.0;2022-09-15;łacina
38.0;1650.0;2022-09-15;warszawskie
45.0;3000.0;2022-09-15;grunwald
60.0;2600.0;2022-09-15;grunwald
30.0;2350.0;2022-09-15;wilda
34.0;1950.0;2022-09-15;dębiec
45.0;2000.0;2022-09-15;dębiec
60.0;2600.0;2022-09-15;grunwald
48.0;3000.0;2022-09-15;rataje
35.16;700.0;2022-09-15;stare miasto
40.0;1800.0;2022-09-15;podolany
73.0;3600.0;2022-09-15;dębiec
48.0;2500.0;2022-09-15;chartowo
50.0;2700.0;2022-09-15;wilda
50.0;3000.0;2022-09-15;śródka
75.0;2000.0;2022-09-15;jeżyce
53.0;2300.0;2022-09-15;wilda
31.0;2500.0;2022-09-15;łacina
33.0;1000.0;2022-09-15;jeżyce
31.0;1900.0;2022-09-15;jeżyce
23.0;1600.0;2022-09-15;dębiec
38.0;1800.0;2022-09-15;winogrady
30.0;2300.0;2022-09-15;winiary
49.0;2300.0;2022-09-15;grunwald
46.7;2200.0;2022-09-15;wilda
50.0;1800.0;2022-09-15;rataje
51.0;3000.0;2022-09-15;jeżyce
40.0;1200.0;2022-09-15;stare miasto
27.0;1300.0;2022-09-15;winogrady
59.0;2400.0;2022-09-15;grunwald
64.0;3100.0;2022-09-15;naramowice
34.0;2200.0;2022-09-15;winogrady
47.0;2000.0;2022-09-15;smochowice
55.0;4100.0;2022-09-15;jeżyce
50.0;2800.0;2022-09-15;stare miasto
55.0;2750.0;2022-09-15;naramowice
64.0;2200.0;2022-09-15;śródka
50.0;2700.0;2022-09-15;wilda
42.0;2400.0;2022-09-15;komandoria
53.0;1850.0;2022-09-15;smochowice
88.0;4500.0;2022-09-15;łazarz
48.8;2400.0;2022-09-15;górczyn
38.0;2200.0;2022-09-15;jeżyce
35.0;1600.0;2022-09-15;dębiec
40.0;2200.0;2022-09-15;winogrady
65.44;1000.0;2022-09-15;stare miasto
61.4;2800.0;2022-09-15;grunwald
42.0;3200.0;2022-09-14;ogrody
42.0;2200.0;2022-09-14;stare miasto
51.0;2000.0;2022-09-14;jeżyce
48.0;1800.0;2022-09-14;rataje
58.0;3000.0;2022-09-14;górczyn
50.0;2400.0;2022-09-14;łazarz
47.0;1850.0;2022-09-14;naramowice
52.0;1500.0;2022-09-14;ławica
35.0;1900.0;2022-09-14;grunwald
70.0;2600.0;2022-09-14;jeżyce
41.5;2200.0;2022-09-14;ławica
45.0;2400.0;2022-09-14;junikowo
52.0;1700.0;2022-09-14;górczyn
13.0;1650.0;2022-09-14;wilda
18.0;1800.0;2022-09-14;jeżyce
98.0;2200.0;2022-09-14;stare miasto
20.0;2100.0;2022-09-14;stare miasto
31.0;1800.0;2022-09-14;junikowo
28.0;2000.0;2022-09-14;ogrody
39.0;2500.0;2022-09-14;wilda
38.0;2200.0;2022-09-14;rataje
31.0;1500.0;2022-09-14;śródka
38.0;2200.0;2022-09-14;grunwald
23.46;1400.0;2022-09-14;jeżyce
43.0;2300.0;2022-09-14;grunwald
40.0;1400.0;2022-09-14;rataje
75.0;2300.0;2022-09-14;wilda
30.0;1800.0;2022-09-14;dębiec
25.0;900.0;2022-09-14;łazarz
18.0;1820.0;2022-09-14;wilda
40.0;3200.0;2022-09-14;łacina
54.0;2600.0;2022-09-14;chartowo
35.0;2200.0;2022-09-14;stare miasto
58.0;3000.0;2022-09-14;górczyn
18.0;1790.0;2022-09-14;winogrady
27.0;1400.0;2022-09-14;grunwald
38.0;1900.0;2022-09-14;wilda
39.0;2000.0;2022-09-14;stare miasto
61.0;2450.0;2022-09-14;junikowo
33.55;2350.0;2022-09-14;jeżyce
25.0;1600.0;2022-09-14;rataje
39.0;1750.0;2022-09-14;warszawskie
47.0;1700.0;2022-09-14;rataje
48.67;3000.0;2022-09-14;łacina
40.0;2500.0;2022-09-14;rataje
39.0;1830.0;2022-09-14;winogrady
58.0;3000.0;2022-09-14;górczyn
30.0;1900.0;2022-09-14;sołacz
43.0;2200.0;2022-09-13;wilda
28.0;1500.0;2022-09-13;grunwald
53.0;1700.0;2022-09-13;grunwald
49.0;2500.0;2022-09-13;wilda
47.0;2300.0;2022-09-13;jeżyce
61.0;3000.0;2022-09-13;sołacz
44.84;2750.0;2022-09-13;wilda
43.0;2500.0;2022-09-13;jeżyce
32.0;1000.0;2022-09-13;stare miasto
55.0;2400.0;2022-09-13;grunwald
69.0;2700.0;2022-09-13;chartowo
49.0;2200.0;2022-09-13;grunwald
38.0;2900.0;2022-09-13;rataje
40.0;2200.0;2022-09-13;winogrady
39.0;2200.0;2022-09-13;łazarz
52.0;2000.0;2022-09-13;ogrody
21.0;850.0;2022-09-13;jeżyce
50.0;2100.0;2022-09-13;rataje
30.0;2200.0;2022-09-13;stare miasto
70.0;2000.0;2022-09-13;warszawskie
33.0;2200.0;2022-09-13;łazarz
40.0;2500.0;2022-09-13;górczyn
38.5;1400.0;2022-09-13;jeżyce
53.3;2400.0;2022-09-13;jeżyce
63.0;2400.0;2022-09-13;piątkowo
40.0;2500.0;2022-09-13;starołęka
40.0;3200.0;2022-09-13;naramowice
50.0;2500.0;2022-09-13;grunwald
16.0;1720.0;2022-09-12;stare miasto
47.6;2300.0;2022-09-12;winiary
32.0;1900.0;2022-09-12;wilda
39.95;2500.0;2022-09-12;winogrady
40.0;2200.0;2022-09-12;winogrady
10.0;900.0;2022-09-12;winiary
60.0;2200.0;2022-09-12;grunwald
40.0;2200.0;2022-09-12;winiary
55.0;2700.0;2022-09-12;górczyn
47.0;2700.0;2022-09-12;jeżyce
47.0;2000.0;2022-09-12;górczyn
56.0;2800.0;2022-09-12;ogrody
48.0;2100.0;2022-09-12;grunwald
80.0;2850.0;2022-09-12;stare miasto
27.0;2290.0;2022-09-12;wilda
37.0;2500.0;2022-09-12;rataje
32.5;2100.0;2022-09-12;ogrody
64.0;3100.0;2022-09-12;stare miasto
55.0;1700.0;2022-09-12;rataje
41.9;1700.0;2022-09-12;wilda
50.0;4000.0;2022-09-12;łazarz
39.0;2200.0;2022-09-12;stare miasto
53.0;2700.0;2022-09-12;górczyn
53.0;2000.0;2022-09-12;winogrady
60.0;8500.0;2022-09-12;stare miasto
27.0;2290.0;2022-09-12;wilda
80.0;2700.0;2022-09-12;podolany
39.0;2800.0;2022-09-12;wilda
44.0;2600.0;2022-09-12;grunwald
38.72;2200.0;2022-09-12;wilda
20.0;1500.0;2022-09-12;grunwald
59.2;2900.0;2022-09-12;stare miasto
21.0;1700.0;2022-09-12;winogrady
47.0;2100.0;2022-09-12;ogrody
52.0;2100.0;2022-09-12;junikowo
38.0;1800.0;2022-09-12;rataje
31.0;1500.0;2022-09-11;grunwald
24.0;1600.0;2022-09-11;rataje
30.0;2200.0;2022-09-11;podolany
45.0;3000.0;2022-09-11;grunwald
43.0;2200.0;2022-09-11;rataje
37.0;2000.0;2022-09-11;grunwald
88.0;700.0;2022-09-11;stare miasto
36.0;2000.0;2022-09-11;wilda
40.0;1500.0;2022-09-11;jeżyce
48.0;1600.0;2022-09-11;stare miasto
70.0;2800.0;2022-09-11;rataje
72.0;1700.0;2022-09-11;wilda
60.0;6000.0;2022-09-11;stare miasto
56.0;2500.0;2022-09-11;naramowice
40.0;1700.0;2022-09-11;szczepankowo
33.0;1850.0;2022-09-11;grunwald
39.0;2000.0;2022-09-11;rataje
48.0;2400.0;2022-09-11;chartowo
40.0;2100.0;2022-09-11;jeżyce
60.0;3300.0;2022-09-11;winogrady
65.0;3500.0;2022-09-11;łacina
40.0;2000.0;2022-09-11;rataje
43.0;2200.0;2022-09-11;ogrody
59.0;850.0;2022-09-11;piątkowo
16.0;1000.0;2022-09-11;ogrody
38.0;2000.0;2022-09-11;winogrady
56.0;2400.0;2022-09-11;grunwald
31.0;2200.0;2022-09-10;wilda
35.0;1500.0;2022-09-10;piątkowo
61.2;3000.0;2022-09-10;rataje
35.0;1300.0;2022-09-10;grunwald
42.0;2500.0;2022-09-10;grunwald
10.0;1200.0;2022-09-10;górczyn
27.0;1690.0;2022-09-10;łazarz
32.0;1500.0;2022-09-10;górczyn
53.0;2500.0;2022-09-10;winogrady
35.0;2800.0;2022-09-10;stare miasto
40.0;2300.0;2022-09-10;winiary
78.0;3900.0;2022-09-10;stare miasto
44.0;2200.0;2022-09-10;piątkowo
43.0;2300.0;2022-09-10;rataje
35.0;2000.0;2022-09-10;jeżyce
48.0;2200.0;2022-09-10;winogrady
47.0;2700.0;2022-09-10;stare miasto
80.0;2700.0;2022-09-10;piątkowo
71.0;2990.0;2022-09-10;chartowo
81.0;2700.0;2022-09-10;piątkowo
22.0;1690.0;2022-09-10;wilda
80.0;3200.0;2022-09-10;rataje
30.0;1750.0;2022-09-10;grunwald
33.0;2000.0;2022-09-10;śródka
46.0;2600.0;2022-09-10;podolany
25.0;1500.0;2022-09-10;jeżyce
43.0;2000.0;2022-09-10;ogrody
34.0;2000.0;2022-09-10;junikowo
31.0;9999.0;2022-09-10;jeżyce
54.0;2500.0;2022-09-10;jeżyce
47.0;2000.0;2022-09-10;winogrady
38.0;1650.0;2022-09-10;łazarz
32.0;2500.0;2022-09-10;jeżyce
29.8;2200.0;2022-09-10;sołacz
22.0;1950.0;2022-09-10;wilda
40.0;2300.0;2022-09-10;winogrady
50.0;2500.0;2022-09-10;rataje
59.0;2500.0;2022-09-10;piątkowo
42.0;3000.0;2022-09-10;wilda
67.0;3000.0;2022-09-10;wilda
48.0;2400.0;2022-09-10;winogrady
57.0;3000.0;2022-09-10;winogrady
52.0;1600.0;2022-09-10;grunwald
65.0;3500.0;2022-09-10;stare miasto
62.0;2800.0;2022-09-10;winiary
30.0;1500.0;2022-09-10;ogrody
47.4;2700.0;2022-09-10;chartowo
57.0;1200.0;2022-09-10;łacina
48.0;1300.0;2022-09-10;piątkowo
22.0;1750.0;2022-09-10;łazarz
27.0;1300.0;2022-09-10;stare miasto
33.0;1300.0;2022-09-10;stare miasto
75.0;3000.0;2022-09-09;rataje
40.0;2800.0;2022-09-09;piątkowo
79.0;6500.0;2022-09-09;jeżyce
64.0;2700.0;2022-09-09;piątkowo
46.0;2600.0;2022-09-09;warszawskie
20.0;2200.0;2022-09-09;łazarz
22.0;1600.0;2022-09-09;stare miasto
34.0;1800.0;2022-09-09;rataje
20.0;2000.0;2022-09-09;komandoria
39.6;2250.0;2022-09-09;jeżyce
41.0;2450.0;2022-09-09;jeżyce
100.0;35.0;2022-09-09;szczepankowo
34.0;1700.0;2022-09-09;łazarz
22.0;1500.0;2022-09-09;stare miasto
36.0;1600.0;2022-09-09;jeżyce
80.0;5000.0;2022-09-09;ławica
34.0;1300.0;2022-09-09;sołacz
80.0;2600.0;2022-09-09;jeżyce
28.0;1750.0;2022-09-09;łazarz
70.0;2090.0;2022-09-09;łazarz
71.45;3900.0;2022-09-09;komandoria
38.0;2500.0;2022-09-09;rataje